participant.id_in_session,participant.code,participant.label,participant._is_bot,participant._index_in_pages,participant._max_page_index,participant._current_app_name,participant._current_page_name,participant.ip_address,participant.time_started,participant.visited,participant.mturk_worker_id,participant.mturk_assignment_id,participant.payoff,participant.payoff_plus_participation_fee,session.code,session.label,session.experimenter_name,session.mturk_HITId,session.mturk_HITGroupId,session.comment,session.is_demo,session.config.participation_fee,session.config.real_world_currency_per_point,Consentform.1.player.id_in_group,Consentform.1.player.consent,Consentform.1.player.personal_ID,Consentform.1.player.Age,Consentform.1.player.Gender,Consentform.1.player.payoff,Consentform.1.group.id_in_subsession,Consentform.1.subsession.round_number,ultimatumn_anonym.1.player.id_in_group,ultimatumn_anonym.1.player.Offer,ultimatumn_anonym.1.player.is_winner,ultimatumn_anonym.1.player.bot_strategy,ultimatumn_anonym.1.player.bot_side,ultimatumn_anonym.1.player.payoff,ultimatumn_anonym.1.group.id_in_subsession,ultimatumn_anonym.1.subsession.round_number,ultimatumn_anonym.2.player.id_in_group,ultimatumn_anonym.2.player.Offer,ultimatumn_anonym.2.player.is_winner,ultimatumn_anonym.2.player.bot_strategy,ultimatumn_anonym.2.player.bot_side,ultimatumn_anonym.2.player.payoff,ultimatumn_anonym.2.group.id_in_subsession,ultimatumn_anonym.2.subsession.round_number,ultimatumn_anonym.3.player.id_in_group,ultimatumn_anonym.3.player.Offer,ultimatumn_anonym.3.player.is_winner,ultimatumn_anonym.3.player.bot_strategy,ultimatumn_anonym.3.player.bot_side,ultimatumn_anonym.3.player.payoff,ultimatumn_anonym.3.group.id_in_subsession,ultimatumn_anonym.3.subsession.round_number,ultimatumn_anonym.4.player.id_in_group,ultimatumn_anonym.4.player.Offer,ultimatumn_anonym.4.player.is_winner,ultimatumn_anonym.4.player.bot_strategy,ultimatumn_anonym.4.player.bot_side,ultimatumn_anonym.4.player.payoff,ultimatumn_anonym.4.group.id_in_subsession,ultimatumn_anonym.4.subsession.round_number,ultimatumn_anonym.5.player.id_in_group,ultimatumn_anonym.5.player.Offer,ultimatumn_anonym.5.player.is_winner,ultimatumn_anonym.5.player.bot_strategy,ultimatumn_anonym.5.player.bot_side,ultimatumn_anonym.5.player.payoff,ultimatumn_anonym.5.group.id_in_subsession,ultimatumn_anonym.5.subsession.round_number,ultimatumn_anonym.6.player.id_in_group,ultimatumn_anonym.6.player.Offer,ultimatumn_anonym.6.player.is_winner,ultimatumn_anonym.6.player.bot_strategy,ultimatumn_anonym.6.player.bot_side,ultimatumn_anonym.6.player.payoff,ultimatumn_anonym.6.group.id_in_subsession,ultimatumn_anonym.6.subsession.round_number,ultimatumn_anonym.7.player.id_in_group,ultimatumn_anonym.7.player.Offer,ultimatumn_anonym.7.player.is_winner,ultimatumn_anonym.7.player.bot_strategy,ultimatumn_anonym.7.player.bot_side,ultimatumn_anonym.7.player.payoff,ultimatumn_anonym.7.group.id_in_subsession,ultimatumn_anonym.7.subsession.round_number,ultimatumn_anonym.8.player.id_in_group,ultimatumn_anonym.8.player.Offer,ultimatumn_anonym.8.player.is_winner,ultimatumn_anonym.8.player.bot_strategy,ultimatumn_anonym.8.player.bot_side,ultimatumn_anonym.8.player.payoff,ultimatumn_anonym.8.group.id_in_subsession,ultimatumn_anonym.8.subsession.round_number,ultimatumn_anonym.9.player.id_in_group,ultimatumn_anonym.9.player.Offer,ultimatumn_anonym.9.player.is_winner,ultimatumn_anonym.9.player.bot_strategy,ultimatumn_anonym.9.player.bot_side,ultimatumn_anonym.9.player.payoff,ultimatumn_anonym.9.group.id_in_subsession,ultimatumn_anonym.9.subsession.round_number,ultimatumn_anonym.10.player.id_in_group,ultimatumn_anonym.10.player.Offer,ultimatumn_anonym.10.player.is_winner,ultimatumn_anonym.10.player.bot_strategy,ultimatumn_anonym.10.player.bot_side,ultimatumn_anonym.10.player.payoff,ultimatumn_anonym.10.group.id_in_subsession,ultimatumn_anonym.10.subsession.round_number,ultimatumn_anonym2.1.player.id_in_group,ultimatumn_anonym2.1.player.Offer,ultimatumn_anonym2.1.player.is_winner,ultimatumn_anonym2.1.player.bot_strategy,ultimatumn_anonym2.1.player.bot_side,ultimatumn_anonym2.1.player.payoff,ultimatumn_anonym2.1.group.id_in_subsession,ultimatumn_anonym2.1.subsession.round_number,ultimatumn_anonym2.2.player.id_in_group,ultimatumn_anonym2.2.player.Offer,ultimatumn_anonym2.2.player.is_winner,ultimatumn_anonym2.2.player.bot_strategy,ultimatumn_anonym2.2.player.bot_side,ultimatumn_anonym2.2.player.payoff,ultimatumn_anonym2.2.group.id_in_subsession,ultimatumn_anonym2.2.subsession.round_number,ultimatumn_anonym2.3.player.id_in_group,ultimatumn_anonym2.3.player.Offer,ultimatumn_anonym2.3.player.is_winner,ultimatumn_anonym2.3.player.bot_strategy,ultimatumn_anonym2.3.player.bot_side,ultimatumn_anonym2.3.player.payoff,ultimatumn_anonym2.3.group.id_in_subsession,ultimatumn_anonym2.3.subsession.round_number,ultimatumn_anonym2.4.player.id_in_group,ultimatumn_anonym2.4.player.Offer,ultimatumn_anonym2.4.player.is_winner,ultimatumn_anonym2.4.player.bot_strategy,ultimatumn_anonym2.4.player.bot_side,ultimatumn_anonym2.4.player.payoff,ultimatumn_anonym2.4.group.id_in_subsession,ultimatumn_anonym2.4.subsession.round_number,ultimatumn_anonym2.5.player.id_in_group,ultimatumn_anonym2.5.player.Offer,ultimatumn_anonym2.5.player.is_winner,ultimatumn_anonym2.5.player.bot_strategy,ultimatumn_anonym2.5.player.bot_side,ultimatumn_anonym2.5.player.payoff,ultimatumn_anonym2.5.group.id_in_subsession,ultimatumn_anonym2.5.subsession.round_number,ultimatumn_anonym2.6.player.id_in_group,ultimatumn_anonym2.6.player.Offer,ultimatumn_anonym2.6.player.is_winner,ultimatumn_anonym2.6.player.bot_strategy,ultimatumn_anonym2.6.player.bot_side,ultimatumn_anonym2.6.player.payoff,ultimatumn_anonym2.6.group.id_in_subsession,ultimatumn_anonym2.6.subsession.round_number,ultimatumn_anonym2.7.player.id_in_group,ultimatumn_anonym2.7.player.Offer,ultimatumn_anonym2.7.player.is_winner,ultimatumn_anonym2.7.player.bot_strategy,ultimatumn_anonym2.7.player.bot_side,ultimatumn_anonym2.7.player.payoff,ultimatumn_anonym2.7.group.id_in_subsession,ultimatumn_anonym2.7.subsession.round_number,ultimatumn_anonym2.8.player.id_in_group,ultimatumn_anonym2.8.player.Offer,ultimatumn_anonym2.8.player.is_winner,ultimatumn_anonym2.8.player.bot_strategy,ultimatumn_anonym2.8.player.bot_side,ultimatumn_anonym2.8.player.payoff,ultimatumn_anonym2.8.group.id_in_subsession,ultimatumn_anonym2.8.subsession.round_number,ultimatumn_anonym2.9.player.id_in_group,ultimatumn_anonym2.9.player.Offer,ultimatumn_anonym2.9.player.is_winner,ultimatumn_anonym2.9.player.bot_strategy,ultimatumn_anonym2.9.player.bot_side,ultimatumn_anonym2.9.player.payoff,ultimatumn_anonym2.9.group.id_in_subsession,ultimatumn_anonym2.9.subsession.round_number,ultimatumn_anonym2.10.player.id_in_group,ultimatumn_anonym2.10.player.Offer,ultimatumn_anonym2.10.player.is_winner,ultimatumn_anonym2.10.player.bot_strategy,ultimatumn_anonym2.10.player.bot_side,ultimatumn_anonym2.10.player.payoff,ultimatumn_anonym2.10.group.id_in_subsession,ultimatumn_anonym2.10.subsession.round_number,ultimatumn_anonym3.1.player.id_in_group,ultimatumn_anonym3.1.player.Offer,ultimatumn_anonym3.1.player.is_winner,ultimatumn_anonym3.1.player.bot_strategy,ultimatumn_anonym3.1.player.bot_side,ultimatumn_anonym3.1.player.payoff,ultimatumn_anonym3.1.group.id_in_subsession,ultimatumn_anonym3.1.subsession.round_number,ultimatumn_anonym3.2.player.id_in_group,ultimatumn_anonym3.2.player.Offer,ultimatumn_anonym3.2.player.is_winner,ultimatumn_anonym3.2.player.bot_strategy,ultimatumn_anonym3.2.player.bot_side,ultimatumn_anonym3.2.player.payoff,ultimatumn_anonym3.2.group.id_in_subsession,ultimatumn_anonym3.2.subsession.round_number,ultimatumn_anonym3.3.player.id_in_group,ultimatumn_anonym3.3.player.Offer,ultimatumn_anonym3.3.player.is_winner,ultimatumn_anonym3.3.player.bot_strategy,ultimatumn_anonym3.3.player.bot_side,ultimatumn_anonym3.3.player.payoff,ultimatumn_anonym3.3.group.id_in_subsession,ultimatumn_anonym3.3.subsession.round_number,ultimatumn_anonym3.4.player.id_in_group,ultimatumn_anonym3.4.player.Offer,ultimatumn_anonym3.4.player.is_winner,ultimatumn_anonym3.4.player.bot_strategy,ultimatumn_anonym3.4.player.bot_side,ultimatumn_anonym3.4.player.payoff,ultimatumn_anonym3.4.group.id_in_subsession,ultimatumn_anonym3.4.subsession.round_number,ultimatumn_anonym3.5.player.id_in_group,ultimatumn_anonym3.5.player.Offer,ultimatumn_anonym3.5.player.is_winner,ultimatumn_anonym3.5.player.bot_strategy,ultimatumn_anonym3.5.player.bot_side,ultimatumn_anonym3.5.player.payoff,ultimatumn_anonym3.5.group.id_in_subsession,ultimatumn_anonym3.5.subsession.round_number,ultimatumn_anonym3.6.player.id_in_group,ultimatumn_anonym3.6.player.Offer,ultimatumn_anonym3.6.player.is_winner,ultimatumn_anonym3.6.player.bot_strategy,ultimatumn_anonym3.6.player.bot_side,ultimatumn_anonym3.6.player.payoff,ultimatumn_anonym3.6.group.id_in_subsession,ultimatumn_anonym3.6.subsession.round_number,ultimatumn_anonym3.7.player.id_in_group,ultimatumn_anonym3.7.player.Offer,ultimatumn_anonym3.7.player.is_winner,ultimatumn_anonym3.7.player.bot_strategy,ultimatumn_anonym3.7.player.bot_side,ultimatumn_anonym3.7.player.payoff,ultimatumn_anonym3.7.group.id_in_subsession,ultimatumn_anonym3.7.subsession.round_number,ultimatumn_anonym3.8.player.id_in_group,ultimatumn_anonym3.8.player.Offer,ultimatumn_anonym3.8.player.is_winner,ultimatumn_anonym3.8.player.bot_strategy,ultimatumn_anonym3.8.player.bot_side,ultimatumn_anonym3.8.player.payoff,ultimatumn_anonym3.8.group.id_in_subsession,ultimatumn_anonym3.8.subsession.round_number,ultimatumn_anonym3.9.player.id_in_group,ultimatumn_anonym3.9.player.Offer,ultimatumn_anonym3.9.player.is_winner,ultimatumn_anonym3.9.player.bot_strategy,ultimatumn_anonym3.9.player.bot_side,ultimatumn_anonym3.9.player.payoff,ultimatumn_anonym3.9.group.id_in_subsession,ultimatumn_anonym3.9.subsession.round_number,ultimatumn_anonym3.10.player.id_in_group,ultimatumn_anonym3.10.player.Offer,ultimatumn_anonym3.10.player.is_winner,ultimatumn_anonym3.10.player.bot_strategy,ultimatumn_anonym3.10.player.bot_side,ultimatumn_anonym3.10.player.payoff,ultimatumn_anonym3.10.group.id_in_subsession,ultimatumn_anonym3.10.subsession.round_number,description.1.player.id_in_group,description.1.player.about_you,description.1.player.payoff,description.1.group.id_in_subsession,description.1.subsession.round_number,Persona1.1.player.id_in_group,Persona1.1.player.Offer,Persona1.1.player.is_winner,Persona1.1.player.bot_strategy,Persona1.1.player.bot_side,Persona1.1.player.payoff,Persona1.1.group.id_in_subsession,Persona1.1.subsession.round_number,Persona1.2.player.id_in_group,Persona1.2.player.Offer,Persona1.2.player.is_winner,Persona1.2.player.bot_strategy,Persona1.2.player.bot_side,Persona1.2.player.payoff,Persona1.2.group.id_in_subsession,Persona1.2.subsession.round_number,Persona1.3.player.id_in_group,Persona1.3.player.Offer,Persona1.3.player.is_winner,Persona1.3.player.bot_strategy,Persona1.3.player.bot_side,Persona1.3.player.payoff,Persona1.3.group.id_in_subsession,Persona1.3.subsession.round_number,Persona1.4.player.id_in_group,Persona1.4.player.Offer,Persona1.4.player.is_winner,Persona1.4.player.bot_strategy,Persona1.4.player.bot_side,Persona1.4.player.payoff,Persona1.4.group.id_in_subsession,Persona1.4.subsession.round_number,Persona1.5.player.id_in_group,Persona1.5.player.Offer,Persona1.5.player.is_winner,Persona1.5.player.bot_strategy,Persona1.5.player.bot_side,Persona1.5.player.payoff,Persona1.5.group.id_in_subsession,Persona1.5.subsession.round_number,Persona1.6.player.id_in_group,Persona1.6.player.Offer,Persona1.6.player.is_winner,Persona1.6.player.bot_strategy,Persona1.6.player.bot_side,Persona1.6.player.payoff,Persona1.6.group.id_in_subsession,Persona1.6.subsession.round_number,Persona1.7.player.id_in_group,Persona1.7.player.Offer,Persona1.7.player.is_winner,Persona1.7.player.bot_strategy,Persona1.7.player.bot_side,Persona1.7.player.payoff,Persona1.7.group.id_in_subsession,Persona1.7.subsession.round_number,Persona1.8.player.id_in_group,Persona1.8.player.Offer,Persona1.8.player.is_winner,Persona1.8.player.bot_strategy,Persona1.8.player.bot_side,Persona1.8.player.payoff,Persona1.8.group.id_in_subsession,Persona1.8.subsession.round_number,Persona1.9.player.id_in_group,Persona1.9.player.Offer,Persona1.9.player.is_winner,Persona1.9.player.bot_strategy,Persona1.9.player.bot_side,Persona1.9.player.payoff,Persona1.9.group.id_in_subsession,Persona1.9.subsession.round_number,Persona1.10.player.id_in_group,Persona1.10.player.Offer,Persona1.10.player.is_winner,Persona1.10.player.bot_strategy,Persona1.10.player.bot_side,Persona1.10.player.payoff,Persona1.10.group.id_in_subsession,Persona1.10.subsession.round_number,Persona2.1.player.id_in_group,Persona2.1.player.Offer,Persona2.1.player.is_winner,Persona2.1.player.bot_strategy,Persona2.1.player.bot_side,Persona2.1.player.payoff,Persona2.1.group.id_in_subsession,Persona2.1.subsession.round_number,Persona2.2.player.id_in_group,Persona2.2.player.Offer,Persona2.2.player.is_winner,Persona2.2.player.bot_strategy,Persona2.2.player.bot_side,Persona2.2.player.payoff,Persona2.2.group.id_in_subsession,Persona2.2.subsession.round_number,Persona2.3.player.id_in_group,Persona2.3.player.Offer,Persona2.3.player.is_winner,Persona2.3.player.bot_strategy,Persona2.3.player.bot_side,Persona2.3.player.payoff,Persona2.3.group.id_in_subsession,Persona2.3.subsession.round_number,Persona2.4.player.id_in_group,Persona2.4.player.Offer,Persona2.4.player.is_winner,Persona2.4.player.bot_strategy,Persona2.4.player.bot_side,Persona2.4.player.payoff,Persona2.4.group.id_in_subsession,Persona2.4.subsession.round_number,Persona2.5.player.id_in_group,Persona2.5.player.Offer,Persona2.5.player.is_winner,Persona2.5.player.bot_strategy,Persona2.5.player.bot_side,Persona2.5.player.payoff,Persona2.5.group.id_in_subsession,Persona2.5.subsession.round_number,Persona2.6.player.id_in_group,Persona2.6.player.Offer,Persona2.6.player.is_winner,Persona2.6.player.bot_strategy,Persona2.6.player.bot_side,Persona2.6.player.payoff,Persona2.6.group.id_in_subsession,Persona2.6.subsession.round_number,Persona2.7.player.id_in_group,Persona2.7.player.Offer,Persona2.7.player.is_winner,Persona2.7.player.bot_strategy,Persona2.7.player.bot_side,Persona2.7.player.payoff,Persona2.7.group.id_in_subsession,Persona2.7.subsession.round_number,Persona2.8.player.id_in_group,Persona2.8.player.Offer,Persona2.8.player.is_winner,Persona2.8.player.bot_strategy,Persona2.8.player.bot_side,Persona2.8.player.payoff,Persona2.8.group.id_in_subsession,Persona2.8.subsession.round_number,Persona2.9.player.id_in_group,Persona2.9.player.Offer,Persona2.9.player.is_winner,Persona2.9.player.bot_strategy,Persona2.9.player.bot_side,Persona2.9.player.payoff,Persona2.9.group.id_in_subsession,Persona2.9.subsession.round_number,Persona2.10.player.id_in_group,Persona2.10.player.Offer,Persona2.10.player.is_winner,Persona2.10.player.bot_strategy,Persona2.10.player.bot_side,Persona2.10.player.payoff,Persona2.10.group.id_in_subsession,Persona2.10.subsession.round_number,Persona3.1.player.id_in_group,Persona3.1.player.Offer,Persona3.1.player.is_winner,Persona3.1.player.bot_strategy,Persona3.1.player.bot_side,Persona3.1.player.payoff,Persona3.1.group.id_in_subsession,Persona3.1.subsession.round_number,Persona3.2.player.id_in_group,Persona3.2.player.Offer,Persona3.2.player.is_winner,Persona3.2.player.bot_strategy,Persona3.2.player.bot_side,Persona3.2.player.payoff,Persona3.2.group.id_in_subsession,Persona3.2.subsession.round_number,Persona3.3.player.id_in_group,Persona3.3.player.Offer,Persona3.3.player.is_winner,Persona3.3.player.bot_strategy,Persona3.3.player.bot_side,Persona3.3.player.payoff,Persona3.3.group.id_in_subsession,Persona3.3.subsession.round_number,Persona3.4.player.id_in_group,Persona3.4.player.Offer,Persona3.4.player.is_winner,Persona3.4.player.bot_strategy,Persona3.4.player.bot_side,Persona3.4.player.payoff,Persona3.4.group.id_in_subsession,Persona3.4.subsession.round_number,Persona3.5.player.id_in_group,Persona3.5.player.Offer,Persona3.5.player.is_winner,Persona3.5.player.bot_strategy,Persona3.5.player.bot_side,Persona3.5.player.payoff,Persona3.5.group.id_in_subsession,Persona3.5.subsession.round_number,Persona3.6.player.id_in_group,Persona3.6.player.Offer,Persona3.6.player.is_winner,Persona3.6.player.bot_strategy,Persona3.6.player.bot_side,Persona3.6.player.payoff,Persona3.6.group.id_in_subsession,Persona3.6.subsession.round_number,Persona3.7.player.id_in_group,Persona3.7.player.Offer,Persona3.7.player.is_winner,Persona3.7.player.bot_strategy,Persona3.7.player.bot_side,Persona3.7.player.payoff,Persona3.7.group.id_in_subsession,Persona3.7.subsession.round_number,Persona3.8.player.id_in_group,Persona3.8.player.Offer,Persona3.8.player.is_winner,Persona3.8.player.bot_strategy,Persona3.8.player.bot_side,Persona3.8.player.payoff,Persona3.8.group.id_in_subsession,Persona3.8.subsession.round_number,Persona3.9.player.id_in_group,Persona3.9.player.Offer,Persona3.9.player.is_winner,Persona3.9.player.bot_strategy,Persona3.9.player.bot_side,Persona3.9.player.payoff,Persona3.9.group.id_in_subsession,Persona3.9.subsession.round_number,Persona3.10.player.id_in_group,Persona3.10.player.Offer,Persona3.10.player.is_winner,Persona3.10.player.bot_strategy,Persona3.10.player.bot_side,Persona3.10.player.payoff,Persona3.10.group.id_in_subsession,Persona3.10.subsession.round_number,Persona4.1.player.id_in_group,Persona4.1.player.Offer,Persona4.1.player.is_winner,Persona4.1.player.bot_strategy,Persona4.1.player.bot_side,Persona4.1.player.payoff,Persona4.1.group.id_in_subsession,Persona4.1.subsession.round_number,Persona4.2.player.id_in_group,Persona4.2.player.Offer,Persona4.2.player.is_winner,Persona4.2.player.bot_strategy,Persona4.2.player.bot_side,Persona4.2.player.payoff,Persona4.2.group.id_in_subsession,Persona4.2.subsession.round_number,Persona4.3.player.id_in_group,Persona4.3.player.Offer,Persona4.3.player.is_winner,Persona4.3.player.bot_strategy,Persona4.3.player.bot_side,Persona4.3.player.payoff,Persona4.3.group.id_in_subsession,Persona4.3.subsession.round_number,Persona4.4.player.id_in_group,Persona4.4.player.Offer,Persona4.4.player.is_winner,Persona4.4.player.bot_strategy,Persona4.4.player.bot_side,Persona4.4.player.payoff,Persona4.4.group.id_in_subsession,Persona4.4.subsession.round_number,Persona4.5.player.id_in_group,Persona4.5.player.Offer,Persona4.5.player.is_winner,Persona4.5.player.bot_strategy,Persona4.5.player.bot_side,Persona4.5.player.payoff,Persona4.5.group.id_in_subsession,Persona4.5.subsession.round_number,Persona4.6.player.id_in_group,Persona4.6.player.Offer,Persona4.6.player.is_winner,Persona4.6.player.bot_strategy,Persona4.6.player.bot_side,Persona4.6.player.payoff,Persona4.6.group.id_in_subsession,Persona4.6.subsession.round_number,Persona4.7.player.id_in_group,Persona4.7.player.Offer,Persona4.7.player.is_winner,Persona4.7.player.bot_strategy,Persona4.7.player.bot_side,Persona4.7.player.payoff,Persona4.7.group.id_in_subsession,Persona4.7.subsession.round_number,Persona4.8.player.id_in_group,Persona4.8.player.Offer,Persona4.8.player.is_winner,Persona4.8.player.bot_strategy,Persona4.8.player.bot_side,Persona4.8.player.payoff,Persona4.8.group.id_in_subsession,Persona4.8.subsession.round_number,Persona4.9.player.id_in_group,Persona4.9.player.Offer,Persona4.9.player.is_winner,Persona4.9.player.bot_strategy,Persona4.9.player.bot_side,Persona4.9.player.payoff,Persona4.9.group.id_in_subsession,Persona4.9.subsession.round_number,Persona4.10.player.id_in_group,Persona4.10.player.Offer,Persona4.10.player.is_winner,Persona4.10.player.bot_strategy,Persona4.10.player.bot_side,Persona4.10.player.payoff,Persona4.10.group.id_in_subsession,Persona4.10.subsession.round_number,Persona5.1.player.id_in_group,Persona5.1.player.Offer,Persona5.1.player.is_winner,Persona5.1.player.bot_strategy,Persona5.1.player.bot_side,Persona5.1.player.payoff,Persona5.1.group.id_in_subsession,Persona5.1.subsession.round_number,Persona5.2.player.id_in_group,Persona5.2.player.Offer,Persona5.2.player.is_winner,Persona5.2.player.bot_strategy,Persona5.2.player.bot_side,Persona5.2.player.payoff,Persona5.2.group.id_in_subsession,Persona5.2.subsession.round_number,Persona5.3.player.id_in_group,Persona5.3.player.Offer,Persona5.3.player.is_winner,Persona5.3.player.bot_strategy,Persona5.3.player.bot_side,Persona5.3.player.payoff,Persona5.3.group.id_in_subsession,Persona5.3.subsession.round_number,Persona5.4.player.id_in_group,Persona5.4.player.Offer,Persona5.4.player.is_winner,Persona5.4.player.bot_strategy,Persona5.4.player.bot_side,Persona5.4.player.payoff,Persona5.4.group.id_in_subsession,Persona5.4.subsession.round_number,Persona5.5.player.id_in_group,Persona5.5.player.Offer,Persona5.5.player.is_winner,Persona5.5.player.bot_strategy,Persona5.5.player.bot_side,Persona5.5.player.payoff,Persona5.5.group.id_in_subsession,Persona5.5.subsession.round_number,Persona5.6.player.id_in_group,Persona5.6.player.Offer,Persona5.6.player.is_winner,Persona5.6.player.bot_strategy,Persona5.6.player.bot_side,Persona5.6.player.payoff,Persona5.6.group.id_in_subsession,Persona5.6.subsession.round_number,Persona5.7.player.id_in_group,Persona5.7.player.Offer,Persona5.7.player.is_winner,Persona5.7.player.bot_strategy,Persona5.7.player.bot_side,Persona5.7.player.payoff,Persona5.7.group.id_in_subsession,Persona5.7.subsession.round_number,Persona5.8.player.id_in_group,Persona5.8.player.Offer,Persona5.8.player.is_winner,Persona5.8.player.bot_strategy,Persona5.8.player.bot_side,Persona5.8.player.payoff,Persona5.8.group.id_in_subsession,Persona5.8.subsession.round_number,Persona5.9.player.id_in_group,Persona5.9.player.Offer,Persona5.9.player.is_winner,Persona5.9.player.bot_strategy,Persona5.9.player.bot_side,Persona5.9.player.payoff,Persona5.9.group.id_in_subsession,Persona5.9.subsession.round_number,Persona5.10.player.id_in_group,Persona5.10.player.Offer,Persona5.10.player.is_winner,Persona5.10.player.bot_strategy,Persona5.10.player.bot_side,Persona5.10.player.payoff,Persona5.10.group.id_in_subsession,Persona5.10.subsession.round_number
1,b3r2g1mx,,0,0,503,,,,,0,,,0,0.00,1sm9us2j,,,,,,1,0.00,1.0,1,,,,,0,1,1,1,,,,,0,1,1,1,,,,,0,1,2,1,,,,,0,1,3,1,,,,,0,1,4,1,,,,,0,1,5,1,,,,,0,1,6,1,,,,,0,1,7,1,,,,,0,1,8,1,,,,,0,1,9,1,,,,,0,1,10,1,,,,,0,1,1,1,,,,,0,1,2,1,,,,,0,1,3,1,,,,,0,1,4,1,,,,,0,1,5,1,,,,,0,1,6,1,,,,,0,1,7,1,,,,,0,1,8,1,,,,,0,1,9,1,,,,,0,1,10,1,,,,,0,1,1,1,,,,,0,1,2,1,,,,,0,1,3,1,,,,,0,1,4,1,,,,,0,1,5,1,,,,,0,1,6,1,,,,,0,1,7,1,,,,,0,1,8,1,,,,,0,1,9,1,,,,,0,1,10,1,,0,1,1,1,,,,,0,1,1,1,,,,,0,1,2,1,,,,,0,1,3,1,,,,,0,1,4,1,,,,,0,1,5,1,,,,,0,1,6,1,,,,,0,1,7,1,,,,,0,1,8,1,,,,,0,1,9,1,,,,,0,1,10,1,,,,,0,1,1,1,,,,,0,1,2,1,,,,,0,1,3,1,,,,,0,1,4,1,,,,,0,1,5,1,,,,,0,1,6,1,,,,,0,1,7,1,,,,,0,1,8,1,,,,,0,1,9,1,,,,,0,1,10,1,,,,,0,1,1,1,,,,,0,1,2,1,,,,,0,1,3,1,,,,,0,1,4,1,,,,,0,1,5,1,,,,,0,1,6,1,,,,,0,1,7,1,,,,,0,1,8,1,,,,,0,1,9,1,,,,,0,1,10,1,,,,,0,1,1,1,,,,,0,1,2,1,,,,,0,1,3,1,,,,,0,1,4,1,,,,,0,1,5,1,,,,,0,1,6,1,,,,,0,1,7,1,,,,,0,1,8,1,,,,,0,1,9,1,,,,,0,1,10,1,,,,,0,1,1,1,,,,,0,1,2,1,,,,,0,1,3,1,,,,,0,1,4,1,,,,,0,1,5,1,,,,,0,1,6,1,,,,,0,1,7,1,,,,,0,1,8,1,,,,,0,1,9,1,,,,,0,1,10
1,gqfk102o,,0,75,503,ultimatumn_anonym2,Choice,127.0.0.1,2021-05-03 10:47:41.611763+00:00,1,,,353,353.00,zbaspbqx,,,,,,1,0.00,1.0,1,1,1,34,1,0,1,1,1,100,1,Weighted,Accept,0,1,1,1,12,1,Weighted,Accept,88,1,2,1,0,0,Weighted,Decline,0,1,3,1,35,1,Weighted,Accept,65,1,4,1,50,1,Weighted,Accept,50,1,5,1,40,1,Weighted,Accept,60,1,6,1,30,0,Weighted,Decline,0,1,7,1,60,1,Weighted,Accept,40,1,8,1,7,0,Weighted,Decline,0,1,9,1,50,1,Weighted,Accept,50,1,10,1,,,,,0,1,1,1,,,,,0,1,2,1,,,,,0,1,3,1,,,,,0,1,4,1,,,,,0,1,5,1,,,,,0,1,6,1,,,,,0,1,7,1,,,,,0,1,8,1,,,,,0,1,9,1,,,,,0,1,10,1,,,,,0,1,1,1,,,,,0,1,2,1,,,,,0,1,3,1,,,,,0,1,4,1,,,,,0,1,5,1,,,,,0,1,6,1,,,,,0,1,7,1,,,,,0,1,8,1,,,,,0,1,9,1,,,,,0,1,10,1,,0,1,1,1,,,,,0,1,1,1,,,,,0,1,2,1,,,,,0,1,3,1,,,,,0,1,4,1,,,,,0,1,5,1,,,,,0,1,6,1,,,,,0,1,7,1,,,,,0,1,8,1,,,,,0,1,9,1,,,,,0,1,10,1,,,,,0,1,1,1,,,,,0,1,2,1,,,,,0,1,3,1,,,,,0,1,4,1,,,,,0,1,5,1,,,,,0,1,6,1,,,,,0,1,7,1,,,,,0,1,8,1,,,,,0,1,9,1,,,,,0,1,10,1,,,,,0,1,1,1,,,,,0,1,2,1,,,,,0,1,3,1,,,,,0,1,4,1,,,,,0,1,5,1,,,,,0,1,6,1,,,,,0,1,7,1,,,,,0,1,8,1,,,,,0,1,9,1,,,,,0,1,10,1,,,,,0,1,1,1,,,,,0,1,2,1,,,,,0,1,3,1,,,,,0,1,4,1,,,,,0,1,5,1,,,,,0,1,6,1,,,,,0,1,7,1,,,,,0,1,8,1,,,,,0,1,9,1,,,,,0,1,10,1,,,,,0,1,1,1,,,,,0,1,2,1,,,,,0,1,3,1,,,,,0,1,4,1,,,,,0,1,5,1,,,,,0,1,6,1,,,,,0,1,7,1,,,,,0,1,8,1,,,,,0,1,9,1,,,,,0,1,10
1,cqz1xfs7,,0,0,503,,,,,0,,,0,0.00,oukhhyh0,,,,,,1,0.00,1.0,1,,,,,0,1,1,1,,,,,0,1,1,1,,,,,0,1,2,1,,,,,0,1,3,1,,,,,0,1,4,1,,,,,0,1,5,1,,,,,0,1,6,1,,,,,0,1,7,1,,,,,0,1,8,1,,,,,0,1,9,1,,,,,0,1,10,1,,,,,0,1,1,1,,,,,0,1,2,1,,,,,0,1,3,1,,,,,0,1,4,1,,,,,0,1,5,1,,,,,0,1,6,1,,,,,0,1,7,1,,,,,0,1,8,1,,,,,0,1,9,1,,,,,0,1,10,1,,,,,0,1,1,1,,,,,0,1,2,1,,,,,0,1,3,1,,,,,0,1,4,1,,,,,0,1,5,1,,,,,0,1,6,1,,,,,0,1,7,1,,,,,0,1,8,1,,,,,0,1,9,1,,,,,0,1,10,1,,0,1,1,1,,,,,0,1,1,1,,,,,0,1,2,1,,,,,0,1,3,1,,,,,0,1,4,1,,,,,0,1,5,1,,,,,0,1,6,1,,,,,0,1,7,1,,,,,0,1,8,1,,,,,0,1,9,1,,,,,0,1,10,1,,,,,0,1,1,1,,,,,0,1,2,1,,,,,0,1,3,1,,,,,0,1,4,1,,,,,0,1,5,1,,,,,0,1,6,1,,,,,0,1,7,1,,,,,0,1,8,1,,,,,0,1,9,1,,,,,0,1,10,1,,,,,0,1,1,1,,,,,0,1,2,1,,,,,0,1,3,1,,,,,0,1,4,1,,,,,0,1,5,1,,,,,0,1,6,1,,,,,0,1,7,1,,,,,0,1,8,1,,,,,0,1,9,1,,,,,0,1,10,1,,,,,0,1,1,1,,,,,0,1,2,1,,,,,0,1,3,1,,,,,0,1,4,1,,,,,0,1,5,1,,,,,0,1,6,1,,,,,0,1,7,1,,,,,0,1,8,1,,,,,0,1,9,1,,,,,0,1,10,1,,,,,0,1,1,1,,,,,0,1,2,1,,,,,0,1,3,1,,,,,0,1,4,1,,,,,0,1,5,1,,,,,0,1,6,1,,,,,0,1,7,1,,,,,0,1,8,1,,,,,0,1,9,1,,,,,0,1,10
1,r1tkqu04,,0,20,503,ultimatumn_anonym,Choice,127.0.0.1,2021-05-03 11:04:36.742078+00:00,1,,,50,50.00,irjlogro,,,,,,1,0.00,1.0,1,1,45,20,1,0,1,1,1,50,1,Weighted,Accept,50,1,1,1,50,0,Weighted,Decline,0,1,2,1,,,,,0,1,3,1,,,,,0,1,4,1,,,,,0,1,5,1,,,,,0,1,6,1,,,,,0,1,7,1,,,,,0,1,8,1,,,,,0,1,9,1,,,,,0,1,10,1,,,,,0,1,1,1,,,,,0,1,2,1,,,,,0,1,3,1,,,,,0,1,4,1,,,,,0,1,5,1,,,,,0,1,6,1,,,,,0,1,7,1,,,,,0,1,8,1,,,,,0,1,9,1,,,,,0,1,10,1,,,,,0,1,1,1,,,,,0,1,2,1,,,,,0,1,3,1,,,,,0,1,4,1,,,,,0,1,5,1,,,,,0,1,6,1,,,,,0,1,7,1,,,,,0,1,8,1,,,,,0,1,9,1,,,,,0,1,10,1,,0,1,1,1,,,,,0,1,1,1,,,,,0,1,2,1,,,,,0,1,3,1,,,,,0,1,4,1,,,,,0,1,5,1,,,,,0,1,6,1,,,,,0,1,7,1,,,,,0,1,8,1,,,,,0,1,9,1,,,,,0,1,10,1,,,,,0,1,1,1,,,,,0,1,2,1,,,,,0,1,3,1,,,,,0,1,4,1,,,,,0,1,5,1,,,,,0,1,6,1,,,,,0,1,7,1,,,,,0,1,8,1,,,,,0,1,9,1,,,,,0,1,10,1,,,,,0,1,1,1,,,,,0,1,2,1,,,,,0,1,3,1,,,,,0,1,4,1,,,,,0,1,5,1,,,,,0,1,6,1,,,,,0,1,7,1,,,,,0,1,8,1,,,,,0,1,9,1,,,,,0,1,10,1,,,,,0,1,1,1,,,,,0,1,2,1,,,,,0,1,3,1,,,,,0,1,4,1,,,,,0,1,5,1,,,,,0,1,6,1,,,,,0,1,7,1,,,,,0,1,8,1,,,,,0,1,9,1,,,,,0,1,10,1,,,,,0,1,1,1,,,,,0,1,2,1,,,,,0,1,3,1,,,,,0,1,4,1,,,,,0,1,5,1,,,,,0,1,6,1,,,,,0,1,7,1,,,,,0,1,8,1,,,,,0,1,9,1,,,,,0,1,10
1,05x0yu34,,0,0,503,,,,,0,,,0,0.00,9qu90rn0,,,,,,1,0.00,1.0,1,,,,,0,1,1,1,,,,,0,1,1,1,,,,,0,1,2,1,,,,,0,1,3,1,,,,,0,1,4,1,,,,,0,1,5,1,,,,,0,1,6,1,,,,,0,1,7,1,,,,,0,1,8,1,,,,,0,1,9,1,,,,,0,1,10,1,,,,,0,1,1,1,,,,,0,1,2,1,,,,,0,1,3,1,,,,,0,1,4,1,,,,,0,1,5,1,,,,,0,1,6,1,,,,,0,1,7,1,,,,,0,1,8,1,,,,,0,1,9,1,,,,,0,1,10,1,,,,,0,1,1,1,,,,,0,1,2,1,,,,,0,1,3,1,,,,,0,1,4,1,,,,,0,1,5,1,,,,,0,1,6,1,,,,,0,1,7,1,,,,,0,1,8,1,,,,,0,1,9,1,,,,,0,1,10,1,,0,1,1,1,,,,,0,1,1,1,,,,,0,1,2,1,,,,,0,1,3,1,,,,,0,1,4,1,,,,,0,1,5,1,,,,,0,1,6,1,,,,,0,1,7,1,,,,,0,1,8,1,,,,,0,1,9,1,,,,,0,1,10,1,,,,,0,1,1,1,,,,,0,1,2,1,,,,,0,1,3,1,,,,,0,1,4,1,,,,,0,1,5,1,,,,,0,1,6,1,,,,,0,1,7,1,,,,,0,1,8,1,,,,,0,1,9,1,,,,,0,1,10,1,,,,,0,1,1,1,,,,,0,1,2,1,,,,,0,1,3,1,,,,,0,1,4,1,,,,,0,1,5,1,,,,,0,1,6,1,,,,,0,1,7,1,,,,,0,1,8,1,,,,,0,1,9,1,,,,,0,1,10,1,,,,,0,1,1,1,,,,,0,1,2,1,,,,,0,1,3,1,,,,,0,1,4,1,,,,,0,1,5,1,,,,,0,1,6,1,,,,,0,1,7,1,,,,,0,1,8,1,,,,,0,1,9,1,,,,,0,1,10,1,,,,,0,1,1,1,,,,,0,1,2,1,,,,,0,1,3,1,,,,,0,1,4,1,,,,,0,1,5,1,,,,,0,1,6,1,,,,,0,1,7,1,,,,,0,1,8,1,,,,,0,1,9,1,,,,,0,1,10
1,98eku7hk,,0,504,503,Persona5,ThankYou,127.0.0.1,2021-05-03 11:11:00.524755+00:00,1,,,2833,2833.00,x5we0p0o,,,,,,1,0.00,1.0,1,1,366,20,2,0,1,1,1,8,0,Weighted,Decline,0,1,1,1,34,0,Weighted,Decline,0,1,2,1,35,1,Weighted,Accept,65,1,3,1,55,0,Weighted,Decline,0,1,4,1,22,0,Weighted,Decline,0,1,5,1,67,1,Weighted,Accept,33,1,6,1,33,1,Weighted,Accept,67,1,7,1,45,1,Weighted,Accept,55,1,8,1,33,1,Weighted,Accept,67,1,9,1,55,1,Weighted,Accept,45,1,10,1,23,0,Weighted,Decline,0,1,1,1,45,1,Weighted,Accept,55,1,2,1,33,1,Weighted,Accept,67,1,3,1,23,0,Weighted,Decline,0,1,4,1,33,1,Weighted,Accept,67,1,5,1,34,1,Weighted,Accept,66,1,6,1,22,1,Weighted,Accept,78,1,7,1,23,0,Weighted,Decline,0,1,8,1,22,1,Weighted,Accept,78,1,9,1,2,0,Weighted,Decline,0,1,10,1,33,1,Weighted,Accept,67,1,1,1,2,0,Weighted,Decline,0,1,2,1,22,0,Weighted,Decline,0,1,3,1,77,1,Weighted,Accept,23,1,4,1,33,0,Weighted,Decline,0,1,5,1,22,1,Weighted,Accept,78,1,6,1,33,1,Weighted,Accept,67,1,7,1,45,1,Weighted,Accept,55,1,8,1,33,0,Weighted,Decline,0,1,9,1,34,0,Weighted,Decline,0,1,10,1,bla bla test,0,1,1,1,33,1,Weighted,Accept,67,1,1,1,34,0,Weighted,Decline,0,1,2,1,32,1,Weighted,Accept,68,1,3,1,22,1,Weighted,Accept,78,1,4,1,33,1,Weighted,Accept,67,1,5,1,4,0,Weighted,Decline,0,1,6,1,6,1,Weighted,Accept,94,1,7,1,8,0,Weighted,Decline,0,1,8,1,44,1,Weighted,Accept,56,1,9,1,22,1,Weighted,Accept,78,1,10,1,22,1,Weighted,Accept,78,1,1,1,33,0,Weighted,Decline,0,1,2,1,22,0,Weighted,Decline,0,1,3,1,66,1,Weighted,Accept,34,1,4,1,7,0,Weighted,Decline,0,1,5,1,6,1,Weighted,Accept,94,1,6,1,2,0,Weighted,Decline,0,1,7,1,22,0,Weighted,Decline,0,1,8,1,22,1,Weighted,Accept,78,1,9,1,3,1,Weighted,Accept,97,1,10,1,22,0,Weighted,Decline,0,1,1,1,45,1,Weighted,Accept,55,1,2,1,44,1,Weighted,Accept,56,1,3,1,3,0,Weighted,Decline,0,1,4,1,33,1,Weighted,Accept,67,1,5,1,77,1,Weighted,Accept,23,1,6,1,76,1,Weighted,Accept,24,1,7,1,33,0,Weighted,Decline,0,1,8,1,22,1,Weighted,Accept,78,1,9,1,1,0,Weighted,Decline,0,1,10,1,11,0,Weighted,Decline,0,1,1,1,11,1,Weighted,Accept,89,1,2,1,33,1,Weighted,Accept,67,1,3,1,44,0,Weighted,Decline,0,1,4,1,5,0,Weighted,Decline,0,1,5,1,3,0,Weighted,Decline,0,1,6,1,34,0,Weighted,Decline,0,1,7,1,77,1,Weighted,Accept,23,1,8,1,56,1,Weighted,Accept,44,1,9,1,6,1,Weighted,Accept,94,1,10,1,1,0,Weighted,Decline,0,1,1,1,1,0,Weighted,Decline,0,1,2,1,7,0,Weighted,Decline,0,1,3,1,3,1,Weighted,Accept,97,1,4,1,3,1,Weighted,Accept,97,1,5,1,2,0,Weighted,Decline,0,1,6,1,3,1,Weighted,Accept,97,1,7,1,2,0,Weighted,Decline,0,1,8,1,2,0,Weighted,Decline,0,1,9,1,2,0,Weighted,Decline,0,1,10
1,tg7dknd2,,0,3,503,ultimatumn_anonym,Intro,127.0.0.1,2021-05-03 11:32:13.168417+00:00,1,,,0,0.00,w9e8a78l,,,,,,1,0.00,1.0,1,2,2,2,4,0,1,1,1,,,,,0,1,1,1,,,,,0,1,2,1,,,,,0,1,3,1,,,,,0,1,4,1,,,,,0,1,5,1,,,,,0,1,6,1,,,,,0,1,7,1,,,,,0,1,8,1,,,,,0,1,9,1,,,,,0,1,10,1,,,,,0,1,1,1,,,,,0,1,2,1,,,,,0,1,3,1,,,,,0,1,4,1,,,,,0,1,5,1,,,,,0,1,6,1,,,,,0,1,7,1,,,,,0,1,8,1,,,,,0,1,9,1,,,,,0,1,10,1,,,,,0,1,1,1,,,,,0,1,2,1,,,,,0,1,3,1,,,,,0,1,4,1,,,,,0,1,5,1,,,,,0,1,6,1,,,,,0,1,7,1,,,,,0,1,8,1,,,,,0,1,9,1,,,,,0,1,10,1,,0,1,1,1,,,,,0,1,1,1,,,,,0,1,2,1,,,,,0,1,3,1,,,,,0,1,4,1,,,,,0,1,5,1,,,,,0,1,6,1,,,,,0,1,7,1,,,,,0,1,8,1,,,,,0,1,9,1,,,,,0,1,10,1,,,,,0,1,1,1,,,,,0,1,2,1,,,,,0,1,3,1,,,,,0,1,4,1,,,,,0,1,5,1,,,,,0,1,6,1,,,,,0,1,7,1,,,,,0,1,8,1,,,,,0,1,9,1,,,,,0,1,10,1,,,,,0,1,1,1,,,,,0,1,2,1,,,,,0,1,3,1,,,,,0,1,4,1,,,,,0,1,5,1,,,,,0,1,6,1,,,,,0,1,7,1,,,,,0,1,8,1,,,,,0,1,9,1,,,,,0,1,10,1,,,,,0,1,1,1,,,,,0,1,2,1,,,,,0,1,3,1,,,,,0,1,4,1,,,,,0,1,5,1,,,,,0,1,6,1,,,,,0,1,7,1,,,,,0,1,8,1,,,,,0,1,9,1,,,,,0,1,10,1,,,,,0,1,1,1,,,,,0,1,2,1,,,,,0,1,3,1,,,,,0,1,4,1,,,,,0,1,5,1,,,,,0,1,6,1,,,,,0,1,7,1,,,,,0,1,8,1,,,,,0,1,9,1,,,,,0,1,10
1,fcavsi3w,,0,13,503,ultimatumn_anonym,Choice,127.0.0.1,2021-05-03 11:34:19.520097+00:00,1,,,0,0.00,6na8nf72,,,,,,1,0.00,1.0,1,1,2213,12,2,0,1,1,1,1,0,Weighted,Decline,0,1,1,1,,,,,0,1,2,1,,,,,0,1,3,1,,,,,0,1,4,1,,,,,0,1,5,1,,,,,0,1,6,1,,,,,0,1,7,1,,,,,0,1,8,1,,,,,0,1,9,1,,,,,0,1,10,1,,,,,0,1,1,1,,,,,0,1,2,1,,,,,0,1,3,1,,,,,0,1,4,1,,,,,0,1,5,1,,,,,0,1,6,1,,,,,0,1,7,1,,,,,0,1,8,1,,,,,0,1,9,1,,,,,0,1,10,1,,,,,0,1,1,1,,,,,0,1,2,1,,,,,0,1,3,1,,,,,0,1,4,1,,,,,0,1,5,1,,,,,0,1,6,1,,,,,0,1,7,1,,,,,0,1,8,1,,,,,0,1,9,1,,,,,0,1,10,1,,0,1,1,1,,,,,0,1,1,1,,,,,0,1,2,1,,,,,0,1,3,1,,,,,0,1,4,1,,,,,0,1,5,1,,,,,0,1,6,1,,,,,0,1,7,1,,,,,0,1,8,1,,,,,0,1,9,1,,,,,0,1,10,1,,,,,0,1,1,1,,,,,0,1,2,1,,,,,0,1,3,1,,,,,0,1,4,1,,,,,0,1,5,1,,,,,0,1,6,1,,,,,0,1,7,1,,,,,0,1,8,1,,,,,0,1,9,1,,,,,0,1,10,1,,,,,0,1,1,1,,,,,0,1,2,1,,,,,0,1,3,1,,,,,0,1,4,1,,,,,0,1,5,1,,,,,0,1,6,1,,,,,0,1,7,1,,,,,0,1,8,1,,,,,0,1,9,1,,,,,0,1,10,1,,,,,0,1,1,1,,,,,0,1,2,1,,,,,0,1,3,1,,,,,0,1,4,1,,,,,0,1,5,1,,,,,0,1,6,1,,,,,0,1,7,1,,,,,0,1,8,1,,,,,0,1,9,1,,,,,0,1,10,1,,,,,0,1,1,1,,,,,0,1,2,1,,,,,0,1,3,1,,,,,0,1,4,1,,,,,0,1,5,1,,,,,0,1,6,1,,,,,0,1,7,1,,,,,0,1,8,1,,,,,0,1,9,1,,,,,0,1,10
1,h4560sqr,,0,0,503,,,,,0,,,0,0.00,uevw0i3l,,,,,,1,0.00,1.0,1,,,,,0,1,1,1,,,,,0,1,1,1,,,,,0,1,2,1,,,,,0,1,3,1,,,,,0,1,4,1,,,,,0,1,5,1,,,,,0,1,6,1,,,,,0,1,7,1,,,,,0,1,8,1,,,,,0,1,9,1,,,,,0,1,10,1,,,,,0,1,1,1,,,,,0,1,2,1,,,,,0,1,3,1,,,,,0,1,4,1,,,,,0,1,5,1,,,,,0,1,6,1,,,,,0,1,7,1,,,,,0,1,8,1,,,,,0,1,9,1,,,,,0,1,10,1,,,,,0,1,1,1,,,,,0,1,2,1,,,,,0,1,3,1,,,,,0,1,4,1,,,,,0,1,5,1,,,,,0,1,6,1,,,,,0,1,7,1,,,,,0,1,8,1,,,,,0,1,9,1,,,,,0,1,10,1,,0,1,1,1,,,,,0,1,1,1,,,,,0,1,2,1,,,,,0,1,3,1,,,,,0,1,4,1,,,,,0,1,5,1,,,,,0,1,6,1,,,,,0,1,7,1,,,,,0,1,8,1,,,,,0,1,9,1,,,,,0,1,10,1,,,,,0,1,1,1,,,,,0,1,2,1,,,,,0,1,3,1,,,,,0,1,4,1,,,,,0,1,5,1,,,,,0,1,6,1,,,,,0,1,7,1,,,,,0,1,8,1,,,,,0,1,9,1,,,,,0,1,10,1,,,,,0,1,1,1,,,,,0,1,2,1,,,,,0,1,3,1,,,,,0,1,4,1,,,,,0,1,5,1,,,,,0,1,6,1,,,,,0,1,7,1,,,,,0,1,8,1,,,,,0,1,9,1,,,,,0,1,10,1,,,,,0,1,1,1,,,,,0,1,2,1,,,,,0,1,3,1,,,,,0,1,4,1,,,,,0,1,5,1,,,,,0,1,6,1,,,,,0,1,7,1,,,,,0,1,8,1,,,,,0,1,9,1,,,,,0,1,10,1,,,,,0,1,1,1,,,,,0,1,2,1,,,,,0,1,3,1,,,,,0,1,4,1,,,,,0,1,5,1,,,,,0,1,6,1,,,,,0,1,7,1,,,,,0,1,8,1,,,,,0,1,9,1,,,,,0,1,10
1,uvc1fp42,,0,0,503,,,,,0,,,0,0.00,kg5tvx0w,,,,,,1,0.00,1.0,1,,,,,0,1,1,1,,,,,0,1,1,1,,,,,0,1,2,1,,,,,0,1,3,1,,,,,0,1,4,1,,,,,0,1,5,1,,,,,0,1,6,1,,,,,0,1,7,1,,,,,0,1,8,1,,,,,0,1,9,1,,,,,0,1,10,1,,,,,0,1,1,1,,,,,0,1,2,1,,,,,0,1,3,1,,,,,0,1,4,1,,,,,0,1,5,1,,,,,0,1,6,1,,,,,0,1,7,1,,,,,0,1,8,1,,,,,0,1,9,1,,,,,0,1,10,1,,,,,0,1,1,1,,,,,0,1,2,1,,,,,0,1,3,1,,,,,0,1,4,1,,,,,0,1,5,1,,,,,0,1,6,1,,,,,0,1,7,1,,,,,0,1,8,1,,,,,0,1,9,1,,,,,0,1,10,1,,0,1,1,1,,,,,0,1,1,1,,,,,0,1,2,1,,,,,0,1,3,1,,,,,0,1,4,1,,,,,0,1,5,1,,,,,0,1,6,1,,,,,0,1,7,1,,,,,0,1,8,1,,,,,0,1,9,1,,,,,0,1,10,1,,,,,0,1,1,1,,,,,0,1,2,1,,,,,0,1,3,1,,,,,0,1,4,1,,,,,0,1,5,1,,,,,0,1,6,1,,,,,0,1,7,1,,,,,0,1,8,1,,,,,0,1,9,1,,,,,0,1,10,1,,,,,0,1,1,1,,,,,0,1,2,1,,,,,0,1,3,1,,,,,0,1,4,1,,,,,0,1,5,1,,,,,0,1,6,1,,,,,0,1,7,1,,,,,0,1,8,1,,,,,0,1,9,1,,,,,0,1,10,1,,,,,0,1,1,1,,,,,0,1,2,1,,,,,0,1,3,1,,,,,0,1,4,1,,,,,0,1,5,1,,,,,0,1,6,1,,,,,0,1,7,1,,,,,0,1,8,1,,,,,0,1,9,1,,,,,0,1,10,1,,,,,0,1,1,1,,,,,0,1,2,1,,,,,0,1,3,1,,,,,0,1,4,1,,,,,0,1,5,1,,,,,0,1,6,1,,,,,0,1,7,1,,,,,0,1,8,1,,,,,0,1,9,1,,,,,0,1,10
1,8djdle70,,0,0,423,,,,,0,,,0,0.00,pffr5o16,,,,,,1,0.00,1.0,1,,,,,0,1,1,1,,,,,0,1,1,1,,,,,0,1,2,1,,,,,0,1,3,1,,,,,0,1,4,1,,,,,0,1,5,1,,,,,0,1,6,1,,,,,0,1,7,1,,,,,0,1,8,1,,,,,0,1,9,1,,,,,0,1,10,1,,,,,0,1,1,1,,,,,0,1,2,1,,,,,0,1,3,1,,,,,0,1,4,1,,,,,0,1,5,1,,,,,0,1,6,1,,,,,0,1,7,1,,,,,0,1,8,1,,,,,0,1,9,1,,,,,0,1,10,1,,,,,0,1,1,1,,,,,0,1,2,1,,,,,0,1,3,1,,,,,0,1,4,1,,,,,0,1,5,1,,,,,0,1,6,1,,,,,0,1,7,1,,,,,0,1,8,1,,,,,0,1,9,1,,,,,0,1,10,1,,0,1,1,1,,,,,0,1,1,1,,,,,0,1,2,1,,,,,0,1,3,1,,,,,0,1,4,1,,,,,0,1,5,1,,,,,0,1,6,1,,,,,0,1,7,1,,,,,0,1,8,1,,,,,0,1,9,1,,,,,0,1,10,1,,,,,0,1,1,1,,,,,0,1,2,1,,,,,0,1,3,1,,,,,0,1,4,1,,,,,0,1,5,1,,,,,0,1,6,1,,,,,0,1,7,1,,,,,0,1,8,1,,,,,0,1,9,1,,,,,0,1,10,1,,,,,0,1,1,1,,,,,0,1,2,1,,,,,0,1,3,1,,,,,0,1,4,1,,,,,0,1,5,1,,,,,0,1,6,1,,,,,0,1,7,1,,,,,0,1,8,1,,,,,0,1,9,1,,,,,0,1,10,1,,,,,0,1,1,1,,,,,0,1,2,1,,,,,0,1,3,1,,,,,0,1,4,1,,,,,0,1,5,1,,,,,0,1,6,1,,,,,0,1,7,1,,,,,0,1,8,1,,,,,0,1,9,1,,,,,0,1,10,1,,,,,0,1,1,1,,,,,0,1,2,1,,,,,0,1,3,1,,,,,0,1,4,1,,,,,0,1,5,1,,,,,0,1,6,1,,,,,0,1,7,1,,,,,0,1,8,1,,,,,0,1,9,1,,,,,0,1,10
1,mjqj06hr,,0,0,423,,,,,0,,,0,0.00,sbix62yv,,,,,,1,0.00,1.0,1,,,,,0,1,1,1,,,,,0,1,1,1,,,,,0,1,2,1,,,,,0,1,3,1,,,,,0,1,4,1,,,,,0,1,5,1,,,,,0,1,6,1,,,,,0,1,7,1,,,,,0,1,8,1,,,,,0,1,9,1,,,,,0,1,10,1,,,,,0,1,1,1,,,,,0,1,2,1,,,,,0,1,3,1,,,,,0,1,4,1,,,,,0,1,5,1,,,,,0,1,6,1,,,,,0,1,7,1,,,,,0,1,8,1,,,,,0,1,9,1,,,,,0,1,10,1,,,,,0,1,1,1,,,,,0,1,2,1,,,,,0,1,3,1,,,,,0,1,4,1,,,,,0,1,5,1,,,,,0,1,6,1,,,,,0,1,7,1,,,,,0,1,8,1,,,,,0,1,9,1,,,,,0,1,10,1,,0,1,1,1,,,,,0,1,1,1,,,,,0,1,2,1,,,,,0,1,3,1,,,,,0,1,4,1,,,,,0,1,5,1,,,,,0,1,6,1,,,,,0,1,7,1,,,,,0,1,8,1,,,,,0,1,9,1,,,,,0,1,10,1,,,,,0,1,1,1,,,,,0,1,2,1,,,,,0,1,3,1,,,,,0,1,4,1,,,,,0,1,5,1,,,,,0,1,6,1,,,,,0,1,7,1,,,,,0,1,8,1,,,,,0,1,9,1,,,,,0,1,10,1,,,,,0,1,1,1,,,,,0,1,2,1,,,,,0,1,3,1,,,,,0,1,4,1,,,,,0,1,5,1,,,,,0,1,6,1,,,,,0,1,7,1,,,,,0,1,8,1,,,,,0,1,9,1,,,,,0,1,10,1,,,,,0,1,1,1,,,,,0,1,2,1,,,,,0,1,3,1,,,,,0,1,4,1,,,,,0,1,5,1,,,,,0,1,6,1,,,,,0,1,7,1,,,,,0,1,8,1,,,,,0,1,9,1,,,,,0,1,10,1,,,,,0,1,1,1,,,,,0,1,2,1,,,,,0,1,3,1,,,,,0,1,4,1,,,,,0,1,5,1,,,,,0,1,6,1,,,,,0,1,7,1,,,,,0,1,8,1,,,,,0,1,9,1,,,,,0,1,10
1,wfeh0pi6,,0,424,423,Persona5,ThankYou,127.0.0.1,2021-05-04 10:47:31.791921+00:00,1,,,3211,3211.00,72siy09q,,,,,,0,0.00,1.0,1,1,14,50,1,0,1,1,1,20,0,Weighted,Decline,0,1,1,1,40,1,Weighted,Accept,60,1,2,1,40,1,Weighted,Accept,60,1,3,1,40,0,Weighted,Decline,0,1,4,1,45,1,Weighted,Accept,55,1,5,1,50,1,Weighted,Accept,50,1,6,1,50,1,Weighted,Accept,50,1,7,1,50,0,Weighted,Decline,0,1,8,1,40,1,Weighted,Accept,60,1,9,1,30,1,Weighted,Accept,70,1,10,1,30,0,Weighted,Decline,0,1,1,1,35,1,Weighted,Accept,65,1,2,1,35,1,Weighted,Accept,65,1,3,1,40,1,Weighted,Accept,60,1,4,1,40,1,Weighted,Accept,60,1,5,1,45,1,Weighted,Accept,55,1,6,1,45,0,Weighted,Decline,0,1,7,1,50,1,Weighted,Accept,50,1,8,1,50,0,Weighted,Decline,0,1,9,1,55,1,Weighted,Accept,45,1,10,1,10,0,Weighted,Decline,0,1,1,1,20,0,Weighted,Decline,0,1,2,1,25,0,Weighted,Decline,0,1,3,1,30,1,Weighted,Accept,70,1,4,1,35,1,Weighted,Accept,65,1,5,1,39,0,Weighted,Decline,0,1,6,1,45,1,Weighted,Accept,55,1,7,1,50,1,Weighted,Accept,50,1,8,1,50,1,Weighted,Accept,50,1,9,1,50,1,Weighted,Accept,50,1,10,1,"i like music, food, coffee, reading",0,1,1,1,40,1,Weighted,Accept,60,1,1,1,40,1,Weighted,Accept,60,1,2,1,40,1,Weighted,Accept,60,1,3,1,45,1,Weighted,Accept,55,1,4,1,45,1,Weighted,Accept,55,1,5,1,45,0,Weighted,Decline,0,1,6,1,50,1,Weighted,Accept,50,1,7,1,50,1,Weighted,Accept,50,1,8,1,50,1,Weighted,Accept,50,1,9,1,50,1,Weighted,Accept,50,1,10,1,10,1,Weighted,Accept,90,1,1,1,20,1,Weighted,Accept,80,1,2,1,30,0,Weighted,Decline,0,1,3,1,40,1,Weighted,Accept,60,1,4,1,50,0,Weighted,Decline,0,1,5,1,55,1,Weighted,Accept,45,1,6,1,60,1,Weighted,Accept,40,1,7,1,60,1,Weighted,Accept,40,1,8,1,65,1,Weighted,Accept,35,1,9,1,65,0,Weighted,Decline,0,1,10,1,30,0,Weighted,Decline,0,1,1,1,40,1,Weighted,Accept,60,1,2,1,40,1,Weighted,Accept,60,1,3,1,45,0,Weighted,Decline,0,1,4,1,50,1,Weighted,Accept,50,1,5,1,50,1,Weighted,Accept,50,1,6,1,55,1,Weighted,Accept,45,1,7,1,55,0,Weighted,Decline,0,1,8,1,60,1,Weighted,Accept,40,1,9,1,60,0,Weighted,Decline,0,1,10,1,20,0,Weighted,Decline,0,1,1,1,40,1,Weighted,Accept,60,1,2,1,40,1,Weighted,Accept,60,1,3,1,42,1,Weighted,Accept,58,1,4,1,44,1,Weighted,Accept,56,1,5,1,46,1,Weighted,Accept,54,1,6,1,48,0,Weighted,Decline,0,1,7,1,50,1,Weighted,Accept,50,1,8,1,55,0,Weighted,Decline,0,1,9,1,50,1,Weighted,Accept,50,1,10,1,35,1,Weighted,Accept,65,1,1,1,37,0,Weighted,Decline,0,1,2,1,45,1,Weighted,Accept,55,1,3,1,47,1,Weighted,Accept,53,1,4,1,50,1,Weighted,Accept,50,1,5,1,20,1,Weighted,Accept,80,1,6,1,50,1,Weighted,Accept,50,1,7,1,50,1,Weighted,Accept,50,1,8,1,50,0,Weighted,Decline,0,1,9,1,10,1,Weighted,Accept,90,1,10
2,y6itv52x,,0,1,423,Consentform,MyPage,127.0.0.1,2021-05-04 10:47:36.881552+00:00,1,,,0,0.00,72siy09q,,,,,,0,0.00,1.0,2,,,,,0,1,1,2,,,,,0,1,1,2,,,,,0,1,2,2,,,,,0,1,3,2,,,,,0,1,4,2,,,,,0,1,5,2,,,,,0,1,6,2,,,,,0,1,7,2,,,,,0,1,8,2,,,,,0,1,9,2,,,,,0,1,10,2,,,,,0,1,1,2,,,,,0,1,2,2,,,,,0,1,3,2,,,,,0,1,4,2,,,,,0,1,5,2,,,,,0,1,6,2,,,,,0,1,7,2,,,,,0,1,8,2,,,,,0,1,9,2,,,,,0,1,10,2,,,,,0,1,1,2,,,,,0,1,2,2,,,,,0,1,3,2,,,,,0,1,4,2,,,,,0,1,5,2,,,,,0,1,6,2,,,,,0,1,7,2,,,,,0,1,8,2,,,,,0,1,9,2,,,,,0,1,10,2,,0,1,1,2,,,,,0,1,1,2,,,,,0,1,2,2,,,,,0,1,3,2,,,,,0,1,4,2,,,,,0,1,5,2,,,,,0,1,6,2,,,,,0,1,7,2,,,,,0,1,8,2,,,,,0,1,9,2,,,,,0,1,10,2,,,,,0,1,1,2,,,,,0,1,2,2,,,,,0,1,3,2,,,,,0,1,4,2,,,,,0,1,5,2,,,,,0,1,6,2,,,,,0,1,7,2,,,,,0,1,8,2,,,,,0,1,9,2,,,,,0,1,10,2,,,,,0,1,1,2,,,,,0,1,2,2,,,,,0,1,3,2,,,,,0,1,4,2,,,,,0,1,5,2,,,,,0,1,6,2,,,,,0,1,7,2,,,,,0,1,8,2,,,,,0,1,9,2,,,,,0,1,10,2,,,,,0,1,1,2,,,,,0,1,2,2,,,,,0,1,3,2,,,,,0,1,4,2,,,,,0,1,5,2,,,,,0,1,6,2,,,,,0,1,7,2,,,,,0,1,8,2,,,,,0,1,9,2,,,,,0,1,10,2,,,,,0,1,1,2,,,,,0,1,2,2,,,,,0,1,3,2,,,,,0,1,4,2,,,,,0,1,5,2,,,,,0,1,6,2,,,,,0,1,7,2,,,,,0,1,8,2,,,,,0,1,9,2,,,,,0,1,10
3,027156c3,,0,424,423,Persona5,ThankYou,127.0.0.1,2021-05-04 12:06:30.652974+00:00,1,,,3540,3540.00,72siy09q,,,,,,0,0.00,1.0,3,1,6969,21,1,0,1,1,3,30,0,Weighted,Decline,0,1,1,3,50,0,Weighted,Decline,0,1,2,3,55,1,Weighted,Accept,45,1,3,3,55,1,Weighted,Accept,45,1,4,3,50,1,Weighted,Accept,50,1,5,3,50,1,Weighted,Accept,50,1,6,3,45,1,Weighted,Accept,55,1,7,3,45,1,Weighted,Accept,55,1,8,3,40,1,Weighted,Accept,60,1,9,3,40,1,Weighted,Accept,60,1,10,3,20,1,Weighted,Accept,80,1,1,3,20,0,Weighted,Decline,0,1,2,3,25,1,Weighted,Accept,75,1,3,3,25,0,Weighted,Decline,0,1,4,3,30,1,Weighted,Accept,70,1,5,3,30,0,Weighted,Decline,0,1,6,3,35,1,Weighted,Accept,65,1,7,3,35,1,Weighted,Accept,65,1,8,3,35,1,Weighted,Accept,65,1,9,3,35,1,Weighted,Accept,65,1,10,3,10,0,Weighted,Decline,0,1,1,3,20,1,Weighted,Accept,80,1,2,3,25,1,Weighted,Accept,75,1,3,3,25,0,Weighted,Decline,0,1,4,3,35,0,Weighted,Decline,0,1,5,3,40,1,Weighted,Accept,60,1,6,3,40,1,Weighted,Accept,60,1,7,3,40,1,Weighted,Accept,60,1,8,3,40,1,Weighted,Accept,60,1,9,3,40,1,Weighted,Accept,60,1,10,3,"I am a student at Aarhus University. I enjoy coding, baking, painting and playing piano. During the corona-lockdown I made a sourdough starter who is now dead.",0,1,1,3,60,1,Weighted,Accept,40,1,1,3,60,0,Weighted,Decline,0,1,2,3,55,1,Weighted,Accept,45,1,3,3,55,1,Weighted,Accept,45,1,4,3,55,0,Weighted,Decline,0,1,5,3,60,1,Weighted,Accept,40,1,6,3,50,1,Weighted,Accept,50,1,7,3,50,1,Weighted,Accept,50,1,8,3,50,1,Weighted,Accept,50,1,9,3,50,0,Weighted,Decline,0,1,10,3,50,1,Weighted,Accept,50,1,1,3,50,1,Weighted,Accept,50,1,2,3,50,1,Weighted,Accept,50,1,3,3,50,0,Weighted,Decline,0,1,4,3,55,0,Weighted,Decline,0,1,5,3,45,1,Weighted,Accept,55,1,6,3,45,1,Weighted,Accept,55,1,7,3,45,1,Weighted,Accept,55,1,8,3,45,0,Weighted,Decline,0,1,9,3,50,1,Weighted,Accept,50,1,10,3,40,1,Weighted,Accept,60,1,1,3,40,1,Weighted,Accept,60,1,2,3,40,1,Weighted,Accept,60,1,3,3,35,1,Weighted,Accept,65,1,4,3,35,1,Weighted,Accept,65,1,5,3,35,1,Weighted,Accept,65,1,6,3,35,1,Weighted,Accept,65,1,7,3,30,0,Weighted,Decline,0,1,8,3,35,1,Weighted,Accept,65,1,9,3,35,1,Weighted,Accept,65,1,10,3,50,1,Weighted,Accept,50,1,1,3,50,0,Weighted,Decline,0,1,2,3,40,1,Weighted,Accept,60,1,3,3,40,1,Weighted,Accept,60,1,4,3,40,1,Weighted,Accept,60,1,5,3,40,1,Weighted,Accept,60,1,6,3,40,1,Weighted,Accept,60,1,7,3,40,1,Weighted,Accept,60,1,8,3,40,1,Weighted,Accept,60,1,9,3,40,1,Weighted,Accept,60,1,10,3,55,1,Weighted,Accept,45,1,1,3,55,1,Weighted,Accept,45,1,2,3,55,1,Weighted,Accept,45,1,3,3,55,1,Weighted,Accept,45,1,4,3,50,1,Weighted,Accept,50,1,5,3,50,1,Weighted,Accept,50,1,6,3,50,0,Weighted,Decline,0,1,7,3,45,1,Weighted,Accept,55,1,8,3,45,0,Weighted,Decline,0,1,9,3,40,1,Weighted,Accept,60,1,10
4,xfea0bma,,0,424,423,Persona5,ThankYou,127.0.0.1,2021-05-04 12:07:23.755286+00:00,1,,,3131,3131.00,72siy09q,,,,,,0,0.00,1.0,4,1,178378,22,1,0,1,1,4,50,0,Weighted,Decline,0,1,1,4,10,0,Weighted,Decline,0,1,2,4,30,1,Weighted,Accept,70,1,3,4,90,1,Weighted,Accept,10,1,4,4,10,1,Weighted,Accept,90,1,5,4,10,0,Weighted,Decline,0,1,6,4,15,0,Weighted,Decline,0,1,7,4,50,0,Weighted,Decline,0,1,8,4,55,1,Weighted,Accept,45,1,9,4,55,1,Weighted,Accept,45,1,10,4,50,1,Weighted,Accept,50,1,1,4,45,1,Weighted,Accept,55,1,2,4,40,0,Weighted,Decline,0,1,3,4,50,1,Weighted,Accept,50,1,4,4,40,1,Weighted,Accept,60,1,5,4,10,1,Weighted,Accept,90,1,6,4,30,0,Weighted,Decline,0,1,7,4,20,0,Weighted,Decline,0,1,8,4,60,1,Weighted,Accept,40,1,9,4,40,1,Weighted,Accept,60,1,10,4,10,0,Weighted,Decline,0,1,1,4,40,1,Weighted,Accept,60,1,2,4,35,1,Weighted,Accept,65,1,3,4,25,0,Weighted,Decline,0,1,4,4,45,1,Weighted,Accept,55,1,5,4,50,1,Weighted,Accept,50,1,6,4,50,0,Weighted,Decline,0,1,7,4,40,1,Weighted,Accept,60,1,8,4,50,0,Weighted,Decline,0,1,9,4,40,0,Weighted,Decline,0,1,10,4,I study at Aarhus University. I am female. In my spare time I like to run. I have a sour dough.,0,1,1,4,50,1,Weighted,Accept,50,1,1,4,50,1,Weighted,Accept,50,1,2,4,50,0,Weighted,Decline,0,1,3,4,20,1,Weighted,Accept,80,1,4,4,30,1,Weighted,Accept,70,1,5,4,40,1,Weighted,Accept,60,1,6,4,45,1,Weighted,Accept,55,1,7,4,30,1,Weighted,Accept,70,1,8,4,40,1,Weighted,Accept,60,1,9,4,45,1,Weighted,Accept,55,1,10,4,50,1,Weighted,Accept,50,1,1,4,30,1,Weighted,Accept,70,1,2,4,5,1,Weighted,Accept,95,1,3,4,5,1,Weighted,Accept,95,1,4,4,1,1,Weighted,Accept,99,1,5,4,0,0,Weighted,Decline,0,1,6,4,20,1,Weighted,Accept,80,1,7,4,10,0,Weighted,Decline,0,1,8,4,5,0,Weighted,Decline,0,1,9,4,30,1,Weighted,Accept,70,1,10,4,40,1,Weighted,Accept,60,1,1,4,30,0,Weighted,Decline,0,1,2,4,45,1,Weighted,Accept,55,1,3,4,40,1,Weighted,Accept,60,1,4,4,50,1,Weighted,Accept,50,1,5,4,20,0,Weighted,Decline,0,1,6,4,15,0,Weighted,Decline,0,1,7,4,25,1,Weighted,Accept,75,1,8,4,26,1,Weighted,Accept,74,1,9,4,27,1,Weighted,Accept,73,1,10,4,50,0,Weighted,Decline,0,1,1,4,50,1,Weighted,Accept,50,1,2,4,30,1,Weighted,Accept,70,1,3,4,20,0,Weighted,Decline,0,1,4,4,50,0,Weighted,Decline,0,1,5,4,30,0,Weighted,Decline,0,1,6,4,50,1,Weighted,Accept,50,1,7,4,50,0,Weighted,Decline,0,1,8,4,20,1,Weighted,Accept,80,1,9,4,40,1,Weighted,Accept,60,1,10,4,50,1,Weighted,Accept,50,1,1,4,40,1,Weighted,Accept,60,1,2,4,30,0,Weighted,Decline,0,1,3,4,55,1,Weighted,Accept,45,1,4,4,50,1,Weighted,Accept,50,1,5,4,45,1,Weighted,Accept,55,1,6,4,45,0,Weighted,Decline,0,1,7,4,50,0,Weighted,Decline,0,1,8,4,30,0,Weighted,Decline,0,1,9,4,50,1,Weighted,Accept,50,1,10
5,ornzkfx7,,0,424,423,Persona5,ThankYou,127.0.0.1,2021-05-04 12:07:36.438343+00:00,1,,,3156,3156.00,72siy09q,,,,,,0,0.00,1.0,5,1,898,22,1,0,1,1,5,70,0,Weighted,Decline,0,1,1,5,60,1,Weighted,Accept,40,1,2,5,30,0,Weighted,Decline,0,1,3,5,30,1,Weighted,Accept,70,1,4,5,25,1,Weighted,Accept,75,1,5,5,24,0,Weighted,Decline,0,1,6,5,25,1,Weighted,Accept,75,1,7,5,25,0,Weighted,Decline,0,1,8,5,27,0,Weighted,Decline,0,1,9,5,25,0,Weighted,Decline,0,1,10,5,25,1,Weighted,Accept,75,1,1,5,30,1,Weighted,Accept,70,1,2,5,10,0,Weighted,Decline,0,1,3,5,20,1,Weighted,Accept,80,1,4,5,25,0,Weighted,Decline,0,1,5,5,20,1,Weighted,Accept,80,1,6,5,25,0,Weighted,Decline,0,1,7,5,22,1,Weighted,Accept,78,1,8,5,45,1,Weighted,Accept,55,1,9,5,15,1,Weighted,Accept,85,1,10,5,22,1,Weighted,Accept,78,1,1,5,25,1,Weighted,Accept,75,1,2,5,25,0,Weighted,Decline,0,1,3,5,30,1,Weighted,Accept,70,1,4,5,30,0,Weighted,Decline,0,1,5,5,30,1,Weighted,Accept,70,1,6,5,30,0,Weighted,Decline,0,1,7,5,35,1,Weighted,Accept,65,1,8,5,30,1,Weighted,Accept,70,1,9,5,20,1,Weighted,Accept,80,1,10,5,"I study cognitive science at AU, and I like it a lot - even though it is hard. In my spare time I spend time with friends. In the lockdown I have found a new found hobby for sour beers.",0,1,1,5,40,1,Weighted,Accept,60,1,1,5,40,1,Weighted,Accept,60,1,2,5,40,1,Weighted,Accept,60,1,3,5,35,0,Weighted,Decline,0,1,4,5,40,1,Weighted,Accept,60,1,5,5,35,1,Weighted,Accept,65,1,6,5,35,1,Weighted,Accept,65,1,7,5,35,1,Weighted,Accept,65,1,8,5,35,1,Weighted,Accept,65,1,9,5,35,1,Weighted,Accept,65,1,10,5,35,0,Weighted,Decline,0,1,1,5,10,0,Weighted,Decline,0,1,2,5,15,0,Weighted,Decline,0,1,3,5,5,0,Weighted,Decline,0,1,4,5,10,0,Weighted,Decline,0,1,5,5,16,0,Weighted,Decline,0,1,6,5,17,0,Weighted,Decline,0,1,7,5,20,0,Weighted,Decline,0,1,8,5,25,1,Weighted,Accept,75,1,9,5,25,1,Weighted,Accept,75,1,10,5,40,1,Weighted,Accept,60,1,1,5,40,1,Weighted,Accept,60,1,2,5,40,1,Weighted,Accept,60,1,3,5,40,0,Weighted,Decline,0,1,4,5,35,1,Weighted,Accept,65,1,5,5,35,1,Weighted,Accept,65,1,6,5,35,1,Weighted,Accept,65,1,7,5,35,0,Weighted,Decline,0,1,8,5,40,0,Weighted,Decline,0,1,9,5,35,1,Weighted,Accept,65,1,10,5,30,0,Weighted,Decline,0,1,1,5,29,0,Weighted,Decline,0,1,2,5,31,1,Weighted,Accept,69,1,3,5,31,0,Weighted,Decline,0,1,4,5,32,1,Weighted,Accept,68,1,5,5,32,1,Weighted,Accept,68,1,6,5,32,0,Weighted,Decline,0,1,7,5,33,0,Weighted,Decline,0,1,8,5,34,0,Weighted,Decline,0,1,9,5,40,1,Weighted,Accept,60,1,10,5,50,0,Weighted,Decline,0,1,1,5,55,1,Weighted,Accept,45,1,2,5,50,1,Weighted,Accept,50,1,3,5,50,1,Weighted,Accept,50,1,4,5,50,1,Weighted,Accept,50,1,5,5,50,1,Weighted,Accept,50,1,6,5,50,1,Weighted,Accept,50,1,7,5,50,1,Weighted,Accept,50,1,8,5,50,1,Weighted,Accept,50,1,9,5,50,1,Weighted,Accept,50,1,10
6,eqpedy60,,0,424,423,Persona5,ThankYou,127.0.0.1,2021-05-04 13:56:35.028643+00:00,1,,,3308,3308.00,72siy09q,,,,,,0,0.00,1.0,6,1,9628,24,1,0,1,1,6,50,1,Weighted,Accept,50,1,1,6,50,1,Weighted,Accept,50,1,2,6,50,0,Weighted,Decline,0,1,3,6,60,1,Weighted,Accept,40,1,4,6,60,1,Weighted,Accept,40,1,5,6,60,1,Weighted,Accept,40,1,6,6,60,1,Weighted,Accept,40,1,7,6,60,1,Weighted,Accept,40,1,8,6,59,1,Weighted,Accept,41,1,9,6,61,0,Weighted,Decline,0,1,10,6,49,1,Weighted,Accept,51,1,1,6,49,1,Weighted,Accept,51,1,2,6,49,1,Weighted,Accept,51,1,3,6,49,1,Weighted,Accept,51,1,4,6,49,1,Weighted,Accept,51,1,5,6,49,0,Weighted,Decline,0,1,6,6,50,1,Weighted,Accept,50,1,7,6,50,1,Weighted,Accept,50,1,8,6,50,1,Weighted,Accept,50,1,9,6,51,1,Weighted,Accept,49,1,10,6,30,0,Weighted,Decline,0,1,1,6,40,1,Weighted,Accept,60,1,2,6,41,1,Weighted,Accept,59,1,3,6,42,1,Weighted,Accept,58,1,4,6,43,0,Weighted,Decline,0,1,5,6,49,0,Weighted,Decline,0,1,6,6,51,1,Weighted,Accept,49,1,7,6,51,0,Weighted,Decline,0,1,8,6,55,1,Weighted,Accept,45,1,9,6,70,1,Weighted,Accept,30,1,10,6,I study computer science and work as a student assistent at the University which I think is really interesting. In my spare time I like to take photos and play video games. During lockdown I have been mostly at home.,0,1,1,6,50,1,Weighted,Accept,50,1,1,6,50,1,Weighted,Accept,50,1,2,6,50,1,Weighted,Accept,50,1,3,6,50,1,Weighted,Accept,50,1,4,6,50,1,Weighted,Accept,50,1,5,6,50,1,Weighted,Accept,50,1,6,6,50,0,Weighted,Decline,0,1,7,6,51,0,Weighted,Decline,0,1,8,6,55,1,Weighted,Accept,45,1,9,6,60,1,Weighted,Accept,40,1,10,6,50,0,Weighted,Decline,0,1,1,6,51,1,Weighted,Accept,49,1,2,6,51,0,Weighted,Decline,0,1,3,6,52,1,Weighted,Accept,48,1,4,6,53,1,Weighted,Accept,47,1,5,6,53,1,Weighted,Accept,47,1,6,6,53,1,Weighted,Accept,47,1,7,6,53,1,Weighted,Accept,47,1,8,6,53,1,Weighted,Accept,47,1,9,6,54,1,Weighted,Accept,46,1,10,6,50,1,Weighted,Accept,50,1,1,6,50,1,Weighted,Accept,50,1,2,6,50,1,Weighted,Accept,50,1,3,6,50,1,Weighted,Accept,50,1,4,6,50,1,Weighted,Accept,50,1,5,6,50,1,Weighted,Accept,50,1,6,6,50,1,Weighted,Accept,50,1,7,6,50,1,Weighted,Accept,50,1,8,6,50,1,Weighted,Accept,50,1,9,6,51,1,Weighted,Accept,49,1,10,6,50,1,Weighted,Accept,50,1,1,6,50,1,Weighted,Accept,50,1,2,6,50,1,Weighted,Accept,50,1,3,6,50,1,Weighted,Accept,50,1,4,6,50,1,Weighted,Accept,50,1,5,6,50,1,Weighted,Accept,50,1,6,6,50,1,Weighted,Accept,50,1,7,6,50,1,Weighted,Accept,50,1,8,6,50,1,Weighted,Accept,50,1,9,6,50,1,Weighted,Accept,50,1,10,6,50,1,Weighted,Accept,50,1,1,6,50,1,Weighted,Accept,50,1,2,6,50,1,Weighted,Accept,50,1,3,6,50,1,Weighted,Accept,50,1,4,6,50,1,Weighted,Accept,50,1,5,6,50,1,Weighted,Accept,50,1,6,6,50,1,Weighted,Accept,50,1,7,6,50,1,Weighted,Accept,50,1,8,6,50,1,Weighted,Accept,50,1,9,6,50,0,Weighted,Decline,0,1,10
7,1vup6pbh,,0,424,423,Persona5,ThankYou,127.0.0.1,2021-05-04 13:56:40.285206+00:00,1,,,2977,2977.00,72siy09q,,,,,,0,0.00,1.0,7,1,1337,25,2,0,1,1,7,40,1,Weighted,Accept,60,1,1,7,30,0,Weighted,Decline,0,1,2,7,35,1,Weighted,Accept,65,1,3,7,35,0,Weighted,Decline,0,1,4,7,40,1,Weighted,Accept,60,1,5,7,42,1,Weighted,Accept,58,1,6,7,44,1,Weighted,Accept,56,1,7,7,45,1,Weighted,Accept,55,1,8,7,45,1,Weighted,Accept,55,1,9,7,45,1,Weighted,Accept,55,1,10,7,10,1,Weighted,Accept,90,1,1,7,5,1,Weighted,Accept,95,1,2,7,0,0,Weighted,Decline,0,1,3,7,15,0,Weighted,Decline,0,1,4,7,35,1,Weighted,Accept,65,1,5,7,45,1,Weighted,Accept,55,1,6,7,35,1,Weighted,Accept,65,1,7,7,30,0,Weighted,Decline,0,1,8,7,35,1,Weighted,Accept,65,1,9,7,40,1,Weighted,Accept,60,1,10,7,0,0,Weighted,Decline,0,1,1,7,10,1,Weighted,Accept,90,1,2,7,15,0,Weighted,Decline,0,1,3,7,25,0,Weighted,Decline,0,1,4,7,70,1,Weighted,Accept,30,1,5,7,30,1,Weighted,Accept,70,1,6,7,40,1,Weighted,Accept,60,1,7,7,50,1,Weighted,Accept,50,1,8,7,45,0,Weighted,Decline,0,1,9,7,50,1,Weighted,Accept,50,1,10,7,"I am working as a student assistant and living together with my girlfriend. I am currently in my master studies second semester. I like to play videogames with my friends, emphasis on WITH here :D not much of a solo person.",0,1,1,7,50,0,Weighted,Decline,0,1,1,7,10,0,Weighted,Decline,0,1,2,7,20,0,Weighted,Decline,0,1,3,7,50,1,Weighted,Accept,50,1,4,7,45,0,Weighted,Decline,0,1,5,7,50,1,Weighted,Accept,50,1,6,7,55,1,Weighted,Accept,45,1,7,7,45,1,Weighted,Accept,55,1,8,7,70,1,Weighted,Accept,30,1,9,7,30,1,Weighted,Accept,70,1,10,7,25,0,Weighted,Decline,0,1,1,7,50,0,Weighted,Decline,0,1,2,7,50,1,Weighted,Accept,50,1,3,7,55,1,Weighted,Accept,45,1,4,7,45,1,Weighted,Accept,55,1,5,7,40,1,Weighted,Accept,60,1,6,7,55,0,Weighted,Decline,0,1,7,7,55,0,Weighted,Decline,0,1,8,7,60,1,Weighted,Accept,40,1,9,7,50,1,Weighted,Accept,50,1,10,7,80,1,Weighted,Accept,20,1,1,7,20,0,Weighted,Decline,0,1,2,7,30,0,Weighted,Decline,0,1,3,7,35,1,Weighted,Accept,65,1,4,7,40,1,Weighted,Accept,60,1,5,7,40,1,Weighted,Accept,60,1,6,7,40,0,Weighted,Decline,0,1,7,7,45,1,Weighted,Accept,55,1,8,7,45,0,Weighted,Decline,0,1,9,7,50,1,Weighted,Accept,50,1,10,7,42,1,Weighted,Accept,58,1,1,7,42,1,Weighted,Accept,58,1,2,7,58,1,Weighted,Accept,42,1,3,7,40,1,Weighted,Accept,60,1,4,7,35,0,Weighted,Decline,0,1,5,7,55,1,Weighted,Accept,45,1,6,7,35,1,Weighted,Accept,65,1,7,7,55,0,Weighted,Decline,0,1,8,7,50,1,Weighted,Accept,50,1,9,7,45,1,Weighted,Accept,55,1,10,7,50,1,Weighted,Accept,50,1,1,7,25,1,Weighted,Accept,75,1,2,7,75,1,Weighted,Accept,25,1,3,7,5,0,Weighted,Decline,0,1,4,7,15,1,Weighted,Accept,85,1,5,7,65,0,Weighted,Decline,0,1,6,7,60,1,Weighted,Accept,40,1,7,7,40,0,Weighted,Decline,0,1,8,7,45,0,Weighted,Decline,0,1,9,7,50,1,Weighted,Accept,50,1,10
8,579jcdm7,,0,424,423,Persona5,ThankYou,127.0.0.1,2021-05-04 14:10:03.459859+00:00,1,,,1295,1295.00,72siy09q,,,,,,0,0.00,1.0,8,1,100505,49,1,0,1,1,8,20,1,Weighted,Accept,80,1,1,8,40,1,Weighted,Accept,60,1,2,8,30,0,Weighted,Decline,0,1,3,8,30,0,Weighted,Decline,0,1,4,8,30,1,Weighted,Accept,70,1,5,8,30,1,Weighted,Accept,70,1,6,8,25,0,Weighted,Decline,0,1,7,8,25,0,Weighted,Decline,0,1,8,8,25,0,Weighted,Decline,0,1,9,8,50,1,Weighted,Accept,50,1,10,8,30,0,Weighted,Decline,0,1,1,8,30,0,Weighted,Decline,0,1,2,8,40,1,Weighted,Accept,60,1,3,8,40,1,Weighted,Accept,60,1,4,8,50,1,Weighted,Accept,50,1,5,8,50,0,Weighted,Decline,0,1,6,8,50,0,Weighted,Decline,0,1,7,8,100,1,Weighted,Accept,0,1,8,8,40,1,Weighted,Accept,60,1,9,8,40,1,Weighted,Accept,60,1,10,8,100,1,Weighted,Accept,0,1,1,8,50,0,Weighted,Decline,0,1,2,8,50,1,Weighted,Accept,50,1,3,8,100,1,Weighted,Accept,0,1,4,8,50,1,Weighted,Accept,50,1,5,8,50,1,Weighted,Accept,50,1,6,8,50,1,Weighted,Accept,50,1,7,8,50,1,Weighted,Accept,50,1,8,8,50,1,Weighted,Accept,50,1,9,8,50,1,Weighted,Accept,50,1,10,8,I work as a social worker which I am happy about. In Corona lockdown I have studied a lot,0,1,1,8,50,1,Weighted,Accept,50,1,1,8,100,1,Weighted,Accept,0,1,2,8,75,1,Weighted,Accept,25,1,3,8,100,1,Weighted,Accept,0,1,4,8,100,1,Weighted,Accept,0,1,5,8,100,1,Weighted,Accept,0,1,6,8,100,1,Weighted,Accept,0,1,7,8,100,1,Weighted,Accept,0,1,8,8,100,1,Weighted,Accept,0,1,9,8,100,1,Weighted,Accept,0,1,10,8,50,0,Weighted,Decline,0,1,1,8,50,1,Weighted,Accept,50,1,2,8,100,1,Weighted,Accept,0,1,3,8,100,1,Weighted,Accept,0,1,4,8,100,1,Weighted,Accept,0,1,5,8,100,1,Weighted,Accept,0,1,6,8,100,1,Weighted,Accept,0,1,7,8,100,1,Weighted,Accept,0,1,8,8,100,1,Weighted,Accept,0,1,9,8,100,1,Weighted,Accept,0,1,10,8,100,1,Weighted,Accept,0,1,1,8,100,1,Weighted,Accept,0,1,2,8,100,1,Weighted,Accept,0,1,3,8,100,1,Weighted,Accept,0,1,4,8,100,1,Weighted,Accept,0,1,5,8,100,1,Weighted,Accept,0,1,6,8,100,1,Weighted,Accept,0,1,7,8,50,1,Weighted,Accept,50,1,8,8,50,0,Weighted,Decline,0,1,9,8,100,1,Weighted,Accept,0,1,10,8,100,1,Weighted,Accept,0,1,1,8,100,1,Weighted,Accept,0,1,2,8,100,1,Weighted,Accept,0,1,3,8,100,1,Weighted,Accept,0,1,4,8,100,1,Weighted,Accept,0,1,5,8,100,1,Weighted,Accept,0,1,6,8,100,1,Weighted,Accept,0,1,7,8,100,1,Weighted,Accept,0,1,8,8,100,1,Weighted,Accept,0,1,9,8,100,1,Weighted,Accept,0,1,10,8,10,0,Weighted,Decline,0,1,1,8,50,1,Weighted,Accept,50,1,2,8,100,1,Weighted,Accept,0,1,3,8,50,1,Weighted,Accept,50,1,4,8,100,1,Weighted,Accept,0,1,5,8,50,1,Weighted,Accept,50,1,6,8,100,1,Weighted,Accept,0,1,7,8,50,0,Weighted,Decline,0,1,8,8,100,1,Weighted,Accept,0,1,9,8,100,1,Weighted,Accept,0,1,10
9,jm9go0wd,,0,1,423,Consentform,MyPage,127.0.0.1,2021-05-04 14:10:17.198103+00:00,1,,,0,0.00,72siy09q,,,,,,0,0.00,1.0,9,,,,,0,1,1,9,,,,,0,1,1,9,,,,,0,1,2,9,,,,,0,1,3,9,,,,,0,1,4,9,,,,,0,1,5,9,,,,,0,1,6,9,,,,,0,1,7,9,,,,,0,1,8,9,,,,,0,1,9,9,,,,,0,1,10,9,,,,,0,1,1,9,,,,,0,1,2,9,,,,,0,1,3,9,,,,,0,1,4,9,,,,,0,1,5,9,,,,,0,1,6,9,,,,,0,1,7,9,,,,,0,1,8,9,,,,,0,1,9,9,,,,,0,1,10,9,,,,,0,1,1,9,,,,,0,1,2,9,,,,,0,1,3,9,,,,,0,1,4,9,,,,,0,1,5,9,,,,,0,1,6,9,,,,,0,1,7,9,,,,,0,1,8,9,,,,,0,1,9,9,,,,,0,1,10,9,,0,1,1,9,,,,,0,1,1,9,,,,,0,1,2,9,,,,,0,1,3,9,,,,,0,1,4,9,,,,,0,1,5,9,,,,,0,1,6,9,,,,,0,1,7,9,,,,,0,1,8,9,,,,,0,1,9,9,,,,,0,1,10,9,,,,,0,1,1,9,,,,,0,1,2,9,,,,,0,1,3,9,,,,,0,1,4,9,,,,,0,1,5,9,,,,,0,1,6,9,,,,,0,1,7,9,,,,,0,1,8,9,,,,,0,1,9,9,,,,,0,1,10,9,,,,,0,1,1,9,,,,,0,1,2,9,,,,,0,1,3,9,,,,,0,1,4,9,,,,,0,1,5,9,,,,,0,1,6,9,,,,,0,1,7,9,,,,,0,1,8,9,,,,,0,1,9,9,,,,,0,1,10,9,,,,,0,1,1,9,,,,,0,1,2,9,,,,,0,1,3,9,,,,,0,1,4,9,,,,,0,1,5,9,,,,,0,1,6,9,,,,,0,1,7,9,,,,,0,1,8,9,,,,,0,1,9,9,,,,,0,1,10,9,,,,,0,1,1,9,,,,,0,1,2,9,,,,,0,1,3,9,,,,,0,1,4,9,,,,,0,1,5,9,,,,,0,1,6,9,,,,,0,1,7,9,,,,,0,1,8,9,,,,,0,1,9,9,,,,,0,1,10
10,7c7bais8,,0,1,423,Consentform,MyPage,127.0.0.1,2021-05-04 17:55:29.966594+00:00,1,,,0,0.00,72siy09q,,,,,,0,0.00,1.0,10,,,,,0,1,1,10,,,,,0,1,1,10,,,,,0,1,2,10,,,,,0,1,3,10,,,,,0,1,4,10,,,,,0,1,5,10,,,,,0,1,6,10,,,,,0,1,7,10,,,,,0,1,8,10,,,,,0,1,9,10,,,,,0,1,10,10,,,,,0,1,1,10,,,,,0,1,2,10,,,,,0,1,3,10,,,,,0,1,4,10,,,,,0,1,5,10,,,,,0,1,6,10,,,,,0,1,7,10,,,,,0,1,8,10,,,,,0,1,9,10,,,,,0,1,10,10,,,,,0,1,1,10,,,,,0,1,2,10,,,,,0,1,3,10,,,,,0,1,4,10,,,,,0,1,5,10,,,,,0,1,6,10,,,,,0,1,7,10,,,,,0,1,8,10,,,,,0,1,9,10,,,,,0,1,10,10,,0,1,1,10,,,,,0,1,1,10,,,,,0,1,2,10,,,,,0,1,3,10,,,,,0,1,4,10,,,,,0,1,5,10,,,,,0,1,6,10,,,,,0,1,7,10,,,,,0,1,8,10,,,,,0,1,9,10,,,,,0,1,10,10,,,,,0,1,1,10,,,,,0,1,2,10,,,,,0,1,3,10,,,,,0,1,4,10,,,,,0,1,5,10,,,,,0,1,6,10,,,,,0,1,7,10,,,,,0,1,8,10,,,,,0,1,9,10,,,,,0,1,10,10,,,,,0,1,1,10,,,,,0,1,2,10,,,,,0,1,3,10,,,,,0,1,4,10,,,,,0,1,5,10,,,,,0,1,6,10,,,,,0,1,7,10,,,,,0,1,8,10,,,,,0,1,9,10,,,,,0,1,10,10,,,,,0,1,1,10,,,,,0,1,2,10,,,,,0,1,3,10,,,,,0,1,4,10,,,,,0,1,5,10,,,,,0,1,6,10,,,,,0,1,7,10,,,,,0,1,8,10,,,,,0,1,9,10,,,,,0,1,10,10,,,,,0,1,1,10,,,,,0,1,2,10,,,,,0,1,3,10,,,,,0,1,4,10,,,,,0,1,5,10,,,,,0,1,6,10,,,,,0,1,7,10,,,,,0,1,8,10,,,,,0,1,9,10,,,,,0,1,10
11,jpubcjip,,0,424,423,Persona5,ThankYou,127.0.0.1,2021-05-04 17:58:29.103657+00:00,1,,,2944,2944.00,72siy09q,,,,,,0,0.00,1.0,11,1,8,50,1,0,1,1,11,50,0,Weighted,Decline,0,1,1,11,45,1,Weighted,Accept,55,1,2,11,44,1,Weighted,Accept,56,1,3,11,43,1,Weighted,Accept,57,1,4,11,42,1,Weighted,Accept,58,1,5,11,41,0,Weighted,Decline,0,1,6,11,45,0,Weighted,Decline,0,1,7,11,55,1,Weighted,Accept,45,1,8,11,54,0,Weighted,Decline,0,1,9,11,50,1,Weighted,Accept,50,1,10,11,50,1,Weighted,Accept,50,1,1,11,49,1,Weighted,Accept,51,1,2,11,48,1,Weighted,Accept,52,1,3,11,47,0,Weighted,Decline,0,1,4,11,50,1,Weighted,Accept,50,1,5,11,50,1,Weighted,Accept,50,1,6,11,50,1,Weighted,Accept,50,1,7,11,50,1,Weighted,Accept,50,1,8,11,50,1,Weighted,Accept,50,1,9,11,50,1,Weighted,Accept,50,1,10,11,50,0,Weighted,Decline,0,1,1,11,50,1,Weighted,Accept,50,1,2,11,50,1,Weighted,Accept,50,1,3,11,50,1,Weighted,Accept,50,1,4,11,50,1,Weighted,Accept,50,1,5,11,50,1,Weighted,Accept,50,1,6,11,50,1,Weighted,Accept,50,1,7,11,50,1,Weighted,Accept,50,1,8,11,50,1,Weighted,Accept,50,1,9,11,50,0,Weighted,Decline,0,1,10,11,my most important life value is enthusiasm and intrigue I love my job as a communicator and in my spare time I am an active person,0,1,1,11,60,1,Weighted,Accept,40,1,1,11,60,1,Weighted,Accept,40,1,2,11,50,0,Weighted,Decline,0,1,3,11,50,1,Weighted,Accept,50,1,4,11,50,1,Weighted,Accept,50,1,5,11,50,0,Weighted,Decline,0,1,6,11,50,0,Weighted,Decline,0,1,7,11,50,1,Weighted,Accept,50,1,8,11,50,0,Weighted,Decline,0,1,9,11,50,1,Weighted,Accept,50,1,10,11,50,1,Weighted,Accept,50,1,1,11,50,0,Weighted,Decline,0,1,2,11,50,1,Weighted,Accept,50,1,3,11,50,0,Weighted,Decline,0,1,4,11,25,0,Weighted,Decline,0,1,5,11,50,1,Weighted,Accept,50,1,6,11,50,1,Weighted,Accept,50,1,7,11,50,1,Weighted,Accept,50,1,8,11,50,1,Weighted,Accept,50,1,9,11,50,1,Weighted,Accept,50,1,10,11,50,1,Weighted,Accept,50,1,1,11,50,1,Weighted,Accept,50,1,2,11,50,1,Weighted,Accept,50,1,3,11,50,1,Weighted,Accept,50,1,4,11,50,1,Weighted,Accept,50,1,5,11,50,1,Weighted,Accept,50,1,6,11,50,0,Weighted,Decline,0,1,7,11,50,1,Weighted,Accept,50,1,8,11,50,0,Weighted,Decline,0,1,9,11,50,0,Weighted,Decline,0,1,10,11,60,1,Weighted,Accept,40,1,1,11,55,0,Weighted,Decline,0,1,2,11,50,1,Weighted,Accept,50,1,3,11,50,1,Weighted,Accept,50,1,4,11,50,1,Weighted,Accept,50,1,5,11,50,1,Weighted,Accept,50,1,6,11,45,1,Weighted,Accept,55,1,7,11,50,1,Weighted,Accept,50,1,8,11,50,1,Weighted,Accept,50,1,9,11,50,1,Weighted,Accept,50,1,10,11,50,1,Weighted,Accept,50,1,1,11,50,1,Weighted,Accept,50,1,2,11,60,1,Weighted,Accept,40,1,3,11,50,1,Weighted,Accept,50,1,4,11,45,1,Weighted,Accept,55,1,5,11,50,0,Weighted,Decline,0,1,6,11,50,1,Weighted,Accept,50,1,7,11,50,0,Weighted,Decline,0,1,8,11,50,1,Weighted,Accept,50,1,9,11,100,1,Weighted,Accept,0,1,10
12,9v4hhlqw,,0,424,423,Persona5,ThankYou,127.0.0.1,2021-05-05 07:28:18.377928+00:00,1,,,3730,3730.00,72siy09q,,,,,,0,0.00,1.0,12,1,1234,21,2,0,1,1,12,40,1,Weighted,Accept,60,1,1,12,40,0,Weighted,Decline,0,1,2,12,35,1,Weighted,Accept,65,1,3,12,40,1,Weighted,Accept,60,1,4,12,40,1,Weighted,Accept,60,1,5,12,40,1,Weighted,Accept,60,1,6,12,40,1,Weighted,Accept,60,1,7,12,40,1,Weighted,Accept,60,1,8,12,42,1,Weighted,Accept,58,1,9,12,43,1,Weighted,Accept,57,1,10,12,35,1,Weighted,Accept,65,1,1,12,35,1,Weighted,Accept,65,1,2,12,36,1,Weighted,Accept,64,1,3,12,37,1,Weighted,Accept,63,1,4,12,38,0,Weighted,Decline,0,1,5,12,35,1,Weighted,Accept,65,1,6,12,38,1,Weighted,Accept,62,1,7,12,39,0,Weighted,Decline,0,1,8,12,42,0,Weighted,Decline,0,1,9,12,35,1,Weighted,Accept,65,1,10,12,25,1,Weighted,Accept,75,1,1,12,30,1,Weighted,Accept,70,1,2,12,33,0,Weighted,Decline,0,1,3,12,30,1,Weighted,Accept,70,1,4,12,30,0,Weighted,Decline,0,1,5,12,35,0,Weighted,Decline,0,1,6,12,25,0,Weighted,Decline,0,1,7,12,37,1,Weighted,Accept,63,1,8,12,38,1,Weighted,Accept,62,1,9,12,40,1,Weighted,Accept,60,1,10,12,"Im studying mechanical engineering. Which i enjoy, even with covid going on. In my spare time i mostly do nothing because of covid, but i participate in as many social activities as possible. If done responsibly that is.",0,1,1,12,35,1,Weighted,Accept,65,1,1,12,34,1,Weighted,Accept,66,1,2,12,38,1,Weighted,Accept,62,1,3,12,39,1,Weighted,Accept,61,1,4,12,40,1,Weighted,Accept,60,1,5,12,40,1,Weighted,Accept,60,1,6,12,43,1,Weighted,Accept,57,1,7,12,47,1,Weighted,Accept,53,1,8,12,51,1,Weighted,Accept,49,1,9,12,55,1,Weighted,Accept,45,1,10,12,35,1,Weighted,Accept,65,1,1,12,34,0,Weighted,Decline,0,1,2,12,38,0,Weighted,Decline,0,1,3,12,25,1,Weighted,Accept,75,1,4,12,35,0,Weighted,Decline,0,1,5,12,40,1,Weighted,Accept,60,1,6,12,41,1,Weighted,Accept,59,1,7,12,42,1,Weighted,Accept,58,1,8,12,47,1,Weighted,Accept,53,1,9,12,50,1,Weighted,Accept,50,1,10,12,35,1,Weighted,Accept,65,1,1,12,30,0,Weighted,Decline,0,1,2,12,25,0,Weighted,Decline,0,1,3,12,35,1,Weighted,Accept,65,1,4,12,37,1,Weighted,Accept,63,1,5,12,41,1,Weighted,Accept,59,1,6,12,45,1,Weighted,Accept,55,1,7,12,49,1,Weighted,Accept,51,1,8,12,50,0,Weighted,Decline,0,1,9,12,55,1,Weighted,Accept,45,1,10,12,35,1,Weighted,Accept,65,1,1,12,39,1,Weighted,Accept,61,1,2,12,40,1,Weighted,Accept,60,1,3,12,42,0,Weighted,Decline,0,1,4,12,32,1,Weighted,Accept,68,1,5,12,39,0,Weighted,Decline,0,1,6,12,45,0,Weighted,Decline,0,1,7,12,32,1,Weighted,Accept,68,1,8,12,35,0,Weighted,Decline,0,1,9,12,24,1,Weighted,Accept,76,1,10,12,30,1,Weighted,Accept,70,1,1,12,35,1,Weighted,Accept,65,1,2,12,38,0,Weighted,Decline,0,1,3,12,32,1,Weighted,Accept,68,1,4,12,38,1,Weighted,Accept,62,1,5,12,42,1,Weighted,Accept,58,1,6,12,45,1,Weighted,Accept,55,1,7,12,50,1,Weighted,Accept,50,1,8,12,47,1,Weighted,Accept,53,1,9,12,39,1,Weighted,Accept,61,1,10
13,6fia97r7,,0,424,423,Persona5,ThankYou,127.0.0.1,2021-05-05 12:21:32.919404+00:00,1,,,2790,2790.00,72siy09q,,,,,,0,0.00,1.0,13,1,1234,20,2,0,1,1,13,50,0,Weighted,Decline,0,1,1,13,55,1,Weighted,Accept,45,1,2,13,55,1,Weighted,Accept,45,1,3,13,55,0,Weighted,Decline,0,1,4,13,60,0,Weighted,Decline,0,1,5,13,65,1,Weighted,Accept,35,1,6,13,60,1,Weighted,Accept,40,1,7,13,55,1,Weighted,Accept,45,1,8,13,50,1,Weighted,Accept,50,1,9,13,51,1,Weighted,Accept,49,1,10,13,40,1,Weighted,Accept,60,1,1,13,40,0,Weighted,Decline,0,1,2,13,40,0,Weighted,Decline,0,1,3,13,40,1,Weighted,Accept,60,1,4,13,40,1,Weighted,Accept,60,1,5,13,40,1,Weighted,Accept,60,1,6,13,40,1,Weighted,Accept,60,1,7,13,40,1,Weighted,Accept,60,1,8,13,40,0,Weighted,Decline,0,1,9,13,20,0,Weighted,Decline,0,1,10,13,10,0,Weighted,Decline,0,1,1,13,1,1,Weighted,Accept,99,1,2,13,10,1,Weighted,Accept,90,1,3,13,10,1,Weighted,Accept,90,1,4,13,10,0,Weighted,Decline,0,1,5,13,10,0,Weighted,Decline,0,1,6,13,20,0,Weighted,Decline,0,1,7,13,30,1,Weighted,Accept,70,1,8,13,20,0,Weighted,Decline,0,1,9,13,2,0,Weighted,Decline,0,1,10,13,I am currently a student at Aarhus university and am studying to be a mechanical engineer. In my spare time i enjoy music and video games. I have not been doing anything special during lockdown,0,1,1,13,40,1,Weighted,Accept,60,1,1,13,40,1,Weighted,Accept,60,1,2,13,40,1,Weighted,Accept,60,1,3,13,40,1,Weighted,Accept,60,1,4,13,40,0,Weighted,Decline,0,1,5,13,20,0,Weighted,Decline,0,1,6,13,20,1,Weighted,Accept,80,1,7,13,20,0,Weighted,Decline,0,1,8,13,90,1,Weighted,Accept,10,1,9,13,10,0,Weighted,Decline,0,1,10,13,0,0,Weighted,Decline,0,1,1,13,1,1,Weighted,Accept,99,1,2,13,1,1,Weighted,Accept,99,1,3,13,1,0,Weighted,Decline,0,1,4,13,1,1,Weighted,Accept,99,1,5,13,1,0,Weighted,Decline,0,1,6,13,1,0,Weighted,Decline,0,1,7,13,1,0,Weighted,Decline,0,1,8,13,1,1,Weighted,Accept,99,1,9,13,1,0,Weighted,Decline,0,1,10,13,99,1,Weighted,Accept,1,1,1,13,99,1,Weighted,Accept,1,1,2,13,99,1,Weighted,Accept,1,1,3,13,99,1,Weighted,Accept,1,1,4,13,79,1,Weighted,Accept,21,1,5,13,77,1,Weighted,Accept,23,1,6,13,66,0,Weighted,Decline,0,1,7,13,55,1,Weighted,Accept,45,1,8,13,55,0,Weighted,Decline,0,1,9,13,47,1,Weighted,Accept,53,1,10,13,50,0,Weighted,Decline,0,1,1,13,50,1,Weighted,Accept,50,1,2,13,50,1,Weighted,Accept,50,1,3,13,50,1,Weighted,Accept,50,1,4,13,50,1,Weighted,Accept,50,1,5,13,50,1,Weighted,Accept,50,1,6,13,50,1,Weighted,Accept,50,1,7,13,50,0,Weighted,Decline,0,1,8,13,50,1,Weighted,Accept,50,1,9,13,50,1,Weighted,Accept,50,1,10,13,50,1,Weighted,Accept,50,1,1,13,50,1,Weighted,Accept,50,1,2,13,50,1,Weighted,Accept,50,1,3,13,50,1,Weighted,Accept,50,1,4,13,50,1,Weighted,Accept,50,1,5,13,50,1,Weighted,Accept,50,1,6,13,50,1,Weighted,Accept,50,1,7,13,50,1,Weighted,Accept,50,1,8,13,50,1,Weighted,Accept,50,1,9,13,50,1,Weighted,Accept,50,1,10
14,3fvt8cun,,0,0,423,,,,,0,,,0,0.00,72siy09q,,,,,,0,0.00,1.0,14,,,,,0,1,1,14,,,,,0,1,1,14,,,,,0,1,2,14,,,,,0,1,3,14,,,,,0,1,4,14,,,,,0,1,5,14,,,,,0,1,6,14,,,,,0,1,7,14,,,,,0,1,8,14,,,,,0,1,9,14,,,,,0,1,10,14,,,,,0,1,1,14,,,,,0,1,2,14,,,,,0,1,3,14,,,,,0,1,4,14,,,,,0,1,5,14,,,,,0,1,6,14,,,,,0,1,7,14,,,,,0,1,8,14,,,,,0,1,9,14,,,,,0,1,10,14,,,,,0,1,1,14,,,,,0,1,2,14,,,,,0,1,3,14,,,,,0,1,4,14,,,,,0,1,5,14,,,,,0,1,6,14,,,,,0,1,7,14,,,,,0,1,8,14,,,,,0,1,9,14,,,,,0,1,10,14,,0,1,1,14,,,,,0,1,1,14,,,,,0,1,2,14,,,,,0,1,3,14,,,,,0,1,4,14,,,,,0,1,5,14,,,,,0,1,6,14,,,,,0,1,7,14,,,,,0,1,8,14,,,,,0,1,9,14,,,,,0,1,10,14,,,,,0,1,1,14,,,,,0,1,2,14,,,,,0,1,3,14,,,,,0,1,4,14,,,,,0,1,5,14,,,,,0,1,6,14,,,,,0,1,7,14,,,,,0,1,8,14,,,,,0,1,9,14,,,,,0,1,10,14,,,,,0,1,1,14,,,,,0,1,2,14,,,,,0,1,3,14,,,,,0,1,4,14,,,,,0,1,5,14,,,,,0,1,6,14,,,,,0,1,7,14,,,,,0,1,8,14,,,,,0,1,9,14,,,,,0,1,10,14,,,,,0,1,1,14,,,,,0,1,2,14,,,,,0,1,3,14,,,,,0,1,4,14,,,,,0,1,5,14,,,,,0,1,6,14,,,,,0,1,7,14,,,,,0,1,8,14,,,,,0,1,9,14,,,,,0,1,10,14,,,,,0,1,1,14,,,,,0,1,2,14,,,,,0,1,3,14,,,,,0,1,4,14,,,,,0,1,5,14,,,,,0,1,6,14,,,,,0,1,7,14,,,,,0,1,8,14,,,,,0,1,9,14,,,,,0,1,10
15,vpzy9ekv,,0,0,423,,,,,0,,,0,0.00,72siy09q,,,,,,0,0.00,1.0,15,,,,,0,1,1,15,,,,,0,1,1,15,,,,,0,1,2,15,,,,,0,1,3,15,,,,,0,1,4,15,,,,,0,1,5,15,,,,,0,1,6,15,,,,,0,1,7,15,,,,,0,1,8,15,,,,,0,1,9,15,,,,,0,1,10,15,,,,,0,1,1,15,,,,,0,1,2,15,,,,,0,1,3,15,,,,,0,1,4,15,,,,,0,1,5,15,,,,,0,1,6,15,,,,,0,1,7,15,,,,,0,1,8,15,,,,,0,1,9,15,,,,,0,1,10,15,,,,,0,1,1,15,,,,,0,1,2,15,,,,,0,1,3,15,,,,,0,1,4,15,,,,,0,1,5,15,,,,,0,1,6,15,,,,,0,1,7,15,,,,,0,1,8,15,,,,,0,1,9,15,,,,,0,1,10,15,,0,1,1,15,,,,,0,1,1,15,,,,,0,1,2,15,,,,,0,1,3,15,,,,,0,1,4,15,,,,,0,1,5,15,,,,,0,1,6,15,,,,,0,1,7,15,,,,,0,1,8,15,,,,,0,1,9,15,,,,,0,1,10,15,,,,,0,1,1,15,,,,,0,1,2,15,,,,,0,1,3,15,,,,,0,1,4,15,,,,,0,1,5,15,,,,,0,1,6,15,,,,,0,1,7,15,,,,,0,1,8,15,,,,,0,1,9,15,,,,,0,1,10,15,,,,,0,1,1,15,,,,,0,1,2,15,,,,,0,1,3,15,,,,,0,1,4,15,,,,,0,1,5,15,,,,,0,1,6,15,,,,,0,1,7,15,,,,,0,1,8,15,,,,,0,1,9,15,,,,,0,1,10,15,,,,,0,1,1,15,,,,,0,1,2,15,,,,,0,1,3,15,,,,,0,1,4,15,,,,,0,1,5,15,,,,,0,1,6,15,,,,,0,1,7,15,,,,,0,1,8,15,,,,,0,1,9,15,,,,,0,1,10,15,,,,,0,1,1,15,,,,,0,1,2,15,,,,,0,1,3,15,,,,,0,1,4,15,,,,,0,1,5,15,,,,,0,1,6,15,,,,,0,1,7,15,,,,,0,1,8,15,,,,,0,1,9,15,,,,,0,1,10
16,51puq0c0,,0,0,423,,,,,0,,,0,0.00,72siy09q,,,,,,0,0.00,1.0,16,,,,,0,1,1,16,,,,,0,1,1,16,,,,,0,1,2,16,,,,,0,1,3,16,,,,,0,1,4,16,,,,,0,1,5,16,,,,,0,1,6,16,,,,,0,1,7,16,,,,,0,1,8,16,,,,,0,1,9,16,,,,,0,1,10,16,,,,,0,1,1,16,,,,,0,1,2,16,,,,,0,1,3,16,,,,,0,1,4,16,,,,,0,1,5,16,,,,,0,1,6,16,,,,,0,1,7,16,,,,,0,1,8,16,,,,,0,1,9,16,,,,,0,1,10,16,,,,,0,1,1,16,,,,,0,1,2,16,,,,,0,1,3,16,,,,,0,1,4,16,,,,,0,1,5,16,,,,,0,1,6,16,,,,,0,1,7,16,,,,,0,1,8,16,,,,,0,1,9,16,,,,,0,1,10,16,,0,1,1,16,,,,,0,1,1,16,,,,,0,1,2,16,,,,,0,1,3,16,,,,,0,1,4,16,,,,,0,1,5,16,,,,,0,1,6,16,,,,,0,1,7,16,,,,,0,1,8,16,,,,,0,1,9,16,,,,,0,1,10,16,,,,,0,1,1,16,,,,,0,1,2,16,,,,,0,1,3,16,,,,,0,1,4,16,,,,,0,1,5,16,,,,,0,1,6,16,,,,,0,1,7,16,,,,,0,1,8,16,,,,,0,1,9,16,,,,,0,1,10,16,,,,,0,1,1,16,,,,,0,1,2,16,,,,,0,1,3,16,,,,,0,1,4,16,,,,,0,1,5,16,,,,,0,1,6,16,,,,,0,1,7,16,,,,,0,1,8,16,,,,,0,1,9,16,,,,,0,1,10,16,,,,,0,1,1,16,,,,,0,1,2,16,,,,,0,1,3,16,,,,,0,1,4,16,,,,,0,1,5,16,,,,,0,1,6,16,,,,,0,1,7,16,,,,,0,1,8,16,,,,,0,1,9,16,,,,,0,1,10,16,,,,,0,1,1,16,,,,,0,1,2,16,,,,,0,1,3,16,,,,,0,1,4,16,,,,,0,1,5,16,,,,,0,1,6,16,,,,,0,1,7,16,,,,,0,1,8,16,,,,,0,1,9,16,,,,,0,1,10
17,n8wggj45,,0,0,423,,,,,0,,,0,0.00,72siy09q,,,,,,0,0.00,1.0,17,,,,,0,1,1,17,,,,,0,1,1,17,,,,,0,1,2,17,,,,,0,1,3,17,,,,,0,1,4,17,,,,,0,1,5,17,,,,,0,1,6,17,,,,,0,1,7,17,,,,,0,1,8,17,,,,,0,1,9,17,,,,,0,1,10,17,,,,,0,1,1,17,,,,,0,1,2,17,,,,,0,1,3,17,,,,,0,1,4,17,,,,,0,1,5,17,,,,,0,1,6,17,,,,,0,1,7,17,,,,,0,1,8,17,,,,,0,1,9,17,,,,,0,1,10,17,,,,,0,1,1,17,,,,,0,1,2,17,,,,,0,1,3,17,,,,,0,1,4,17,,,,,0,1,5,17,,,,,0,1,6,17,,,,,0,1,7,17,,,,,0,1,8,17,,,,,0,1,9,17,,,,,0,1,10,17,,0,1,1,17,,,,,0,1,1,17,,,,,0,1,2,17,,,,,0,1,3,17,,,,,0,1,4,17,,,,,0,1,5,17,,,,,0,1,6,17,,,,,0,1,7,17,,,,,0,1,8,17,,,,,0,1,9,17,,,,,0,1,10,17,,,,,0,1,1,17,,,,,0,1,2,17,,,,,0,1,3,17,,,,,0,1,4,17,,,,,0,1,5,17,,,,,0,1,6,17,,,,,0,1,7,17,,,,,0,1,8,17,,,,,0,1,9,17,,,,,0,1,10,17,,,,,0,1,1,17,,,,,0,1,2,17,,,,,0,1,3,17,,,,,0,1,4,17,,,,,0,1,5,17,,,,,0,1,6,17,,,,,0,1,7,17,,,,,0,1,8,17,,,,,0,1,9,17,,,,,0,1,10,17,,,,,0,1,1,17,,,,,0,1,2,17,,,,,0,1,3,17,,,,,0,1,4,17,,,,,0,1,5,17,,,,,0,1,6,17,,,,,0,1,7,17,,,,,0,1,8,17,,,,,0,1,9,17,,,,,0,1,10,17,,,,,0,1,1,17,,,,,0,1,2,17,,,,,0,1,3,17,,,,,0,1,4,17,,,,,0,1,5,17,,,,,0,1,6,17,,,,,0,1,7,17,,,,,0,1,8,17,,,,,0,1,9,17,,,,,0,1,10
18,19ta5o5n,,0,0,423,,,,,0,,,0,0.00,72siy09q,,,,,,0,0.00,1.0,18,,,,,0,1,1,18,,,,,0,1,1,18,,,,,0,1,2,18,,,,,0,1,3,18,,,,,0,1,4,18,,,,,0,1,5,18,,,,,0,1,6,18,,,,,0,1,7,18,,,,,0,1,8,18,,,,,0,1,9,18,,,,,0,1,10,18,,,,,0,1,1,18,,,,,0,1,2,18,,,,,0,1,3,18,,,,,0,1,4,18,,,,,0,1,5,18,,,,,0,1,6,18,,,,,0,1,7,18,,,,,0,1,8,18,,,,,0,1,9,18,,,,,0,1,10,18,,,,,0,1,1,18,,,,,0,1,2,18,,,,,0,1,3,18,,,,,0,1,4,18,,,,,0,1,5,18,,,,,0,1,6,18,,,,,0,1,7,18,,,,,0,1,8,18,,,,,0,1,9,18,,,,,0,1,10,18,,0,1,1,18,,,,,0,1,1,18,,,,,0,1,2,18,,,,,0,1,3,18,,,,,0,1,4,18,,,,,0,1,5,18,,,,,0,1,6,18,,,,,0,1,7,18,,,,,0,1,8,18,,,,,0,1,9,18,,,,,0,1,10,18,,,,,0,1,1,18,,,,,0,1,2,18,,,,,0,1,3,18,,,,,0,1,4,18,,,,,0,1,5,18,,,,,0,1,6,18,,,,,0,1,7,18,,,,,0,1,8,18,,,,,0,1,9,18,,,,,0,1,10,18,,,,,0,1,1,18,,,,,0,1,2,18,,,,,0,1,3,18,,,,,0,1,4,18,,,,,0,1,5,18,,,,,0,1,6,18,,,,,0,1,7,18,,,,,0,1,8,18,,,,,0,1,9,18,,,,,0,1,10,18,,,,,0,1,1,18,,,,,0,1,2,18,,,,,0,1,3,18,,,,,0,1,4,18,,,,,0,1,5,18,,,,,0,1,6,18,,,,,0,1,7,18,,,,,0,1,8,18,,,,,0,1,9,18,,,,,0,1,10,18,,,,,0,1,1,18,,,,,0,1,2,18,,,,,0,1,3,18,,,,,0,1,4,18,,,,,0,1,5,18,,,,,0,1,6,18,,,,,0,1,7,18,,,,,0,1,8,18,,,,,0,1,9,18,,,,,0,1,10
19,cd5j2kmp,,0,0,423,,,,,0,,,0,0.00,72siy09q,,,,,,0,0.00,1.0,19,,,,,0,1,1,19,,,,,0,1,1,19,,,,,0,1,2,19,,,,,0,1,3,19,,,,,0,1,4,19,,,,,0,1,5,19,,,,,0,1,6,19,,,,,0,1,7,19,,,,,0,1,8,19,,,,,0,1,9,19,,,,,0,1,10,19,,,,,0,1,1,19,,,,,0,1,2,19,,,,,0,1,3,19,,,,,0,1,4,19,,,,,0,1,5,19,,,,,0,1,6,19,,,,,0,1,7,19,,,,,0,1,8,19,,,,,0,1,9,19,,,,,0,1,10,19,,,,,0,1,1,19,,,,,0,1,2,19,,,,,0,1,3,19,,,,,0,1,4,19,,,,,0,1,5,19,,,,,0,1,6,19,,,,,0,1,7,19,,,,,0,1,8,19,,,,,0,1,9,19,,,,,0,1,10,19,,0,1,1,19,,,,,0,1,1,19,,,,,0,1,2,19,,,,,0,1,3,19,,,,,0,1,4,19,,,,,0,1,5,19,,,,,0,1,6,19,,,,,0,1,7,19,,,,,0,1,8,19,,,,,0,1,9,19,,,,,0,1,10,19,,,,,0,1,1,19,,,,,0,1,2,19,,,,,0,1,3,19,,,,,0,1,4,19,,,,,0,1,5,19,,,,,0,1,6,19,,,,,0,1,7,19,,,,,0,1,8,19,,,,,0,1,9,19,,,,,0,1,10,19,,,,,0,1,1,19,,,,,0,1,2,19,,,,,0,1,3,19,,,,,0,1,4,19,,,,,0,1,5,19,,,,,0,1,6,19,,,,,0,1,7,19,,,,,0,1,8,19,,,,,0,1,9,19,,,,,0,1,10,19,,,,,0,1,1,19,,,,,0,1,2,19,,,,,0,1,3,19,,,,,0,1,4,19,,,,,0,1,5,19,,,,,0,1,6,19,,,,,0,1,7,19,,,,,0,1,8,19,,,,,0,1,9,19,,,,,0,1,10,19,,,,,0,1,1,19,,,,,0,1,2,19,,,,,0,1,3,19,,,,,0,1,4,19,,,,,0,1,5,19,,,,,0,1,6,19,,,,,0,1,7,19,,,,,0,1,8,19,,,,,0,1,9,19,,,,,0,1,10
20,t4di9mzf,,0,0,423,,,,,0,,,0,0.00,72siy09q,,,,,,0,0.00,1.0,20,,,,,0,1,1,20,,,,,0,1,1,20,,,,,0,1,2,20,,,,,0,1,3,20,,,,,0,1,4,20,,,,,0,1,5,20,,,,,0,1,6,20,,,,,0,1,7,20,,,,,0,1,8,20,,,,,0,1,9,20,,,,,0,1,10,20,,,,,0,1,1,20,,,,,0,1,2,20,,,,,0,1,3,20,,,,,0,1,4,20,,,,,0,1,5,20,,,,,0,1,6,20,,,,,0,1,7,20,,,,,0,1,8,20,,,,,0,1,9,20,,,,,0,1,10,20,,,,,0,1,1,20,,,,,0,1,2,20,,,,,0,1,3,20,,,,,0,1,4,20,,,,,0,1,5,20,,,,,0,1,6,20,,,,,0,1,7,20,,,,,0,1,8,20,,,,,0,1,9,20,,,,,0,1,10,20,,0,1,1,20,,,,,0,1,1,20,,,,,0,1,2,20,,,,,0,1,3,20,,,,,0,1,4,20,,,,,0,1,5,20,,,,,0,1,6,20,,,,,0,1,7,20,,,,,0,1,8,20,,,,,0,1,9,20,,,,,0,1,10,20,,,,,0,1,1,20,,,,,0,1,2,20,,,,,0,1,3,20,,,,,0,1,4,20,,,,,0,1,5,20,,,,,0,1,6,20,,,,,0,1,7,20,,,,,0,1,8,20,,,,,0,1,9,20,,,,,0,1,10,20,,,,,0,1,1,20,,,,,0,1,2,20,,,,,0,1,3,20,,,,,0,1,4,20,,,,,0,1,5,20,,,,,0,1,6,20,,,,,0,1,7,20,,,,,0,1,8,20,,,,,0,1,9,20,,,,,0,1,10,20,,,,,0,1,1,20,,,,,0,1,2,20,,,,,0,1,3,20,,,,,0,1,4,20,,,,,0,1,5,20,,,,,0,1,6,20,,,,,0,1,7,20,,,,,0,1,8,20,,,,,0,1,9,20,,,,,0,1,10,20,,,,,0,1,1,20,,,,,0,1,2,20,,,,,0,1,3,20,,,,,0,1,4,20,,,,,0,1,5,20,,,,,0,1,6,20,,,,,0,1,7,20,,,,,0,1,8,20,,,,,0,1,9,20,,,,,0,1,10
21,ytmp7lod,,0,0,423,,,,,0,,,0,0.00,72siy09q,,,,,,0,0.00,1.0,21,,,,,0,1,1,21,,,,,0,1,1,21,,,,,0,1,2,21,,,,,0,1,3,21,,,,,0,1,4,21,,,,,0,1,5,21,,,,,0,1,6,21,,,,,0,1,7,21,,,,,0,1,8,21,,,,,0,1,9,21,,,,,0,1,10,21,,,,,0,1,1,21,,,,,0,1,2,21,,,,,0,1,3,21,,,,,0,1,4,21,,,,,0,1,5,21,,,,,0,1,6,21,,,,,0,1,7,21,,,,,0,1,8,21,,,,,0,1,9,21,,,,,0,1,10,21,,,,,0,1,1,21,,,,,0,1,2,21,,,,,0,1,3,21,,,,,0,1,4,21,,,,,0,1,5,21,,,,,0,1,6,21,,,,,0,1,7,21,,,,,0,1,8,21,,,,,0,1,9,21,,,,,0,1,10,21,,0,1,1,21,,,,,0,1,1,21,,,,,0,1,2,21,,,,,0,1,3,21,,,,,0,1,4,21,,,,,0,1,5,21,,,,,0,1,6,21,,,,,0,1,7,21,,,,,0,1,8,21,,,,,0,1,9,21,,,,,0,1,10,21,,,,,0,1,1,21,,,,,0,1,2,21,,,,,0,1,3,21,,,,,0,1,4,21,,,,,0,1,5,21,,,,,0,1,6,21,,,,,0,1,7,21,,,,,0,1,8,21,,,,,0,1,9,21,,,,,0,1,10,21,,,,,0,1,1,21,,,,,0,1,2,21,,,,,0,1,3,21,,,,,0,1,4,21,,,,,0,1,5,21,,,,,0,1,6,21,,,,,0,1,7,21,,,,,0,1,8,21,,,,,0,1,9,21,,,,,0,1,10,21,,,,,0,1,1,21,,,,,0,1,2,21,,,,,0,1,3,21,,,,,0,1,4,21,,,,,0,1,5,21,,,,,0,1,6,21,,,,,0,1,7,21,,,,,0,1,8,21,,,,,0,1,9,21,,,,,0,1,10,21,,,,,0,1,1,21,,,,,0,1,2,21,,,,,0,1,3,21,,,,,0,1,4,21,,,,,0,1,5,21,,,,,0,1,6,21,,,,,0,1,7,21,,,,,0,1,8,21,,,,,0,1,9,21,,,,,0,1,10
22,te4gtw5r,,0,0,423,,,,,0,,,0,0.00,72siy09q,,,,,,0,0.00,1.0,22,,,,,0,1,1,22,,,,,0,1,1,22,,,,,0,1,2,22,,,,,0,1,3,22,,,,,0,1,4,22,,,,,0,1,5,22,,,,,0,1,6,22,,,,,0,1,7,22,,,,,0,1,8,22,,,,,0,1,9,22,,,,,0,1,10,22,,,,,0,1,1,22,,,,,0,1,2,22,,,,,0,1,3,22,,,,,0,1,4,22,,,,,0,1,5,22,,,,,0,1,6,22,,,,,0,1,7,22,,,,,0,1,8,22,,,,,0,1,9,22,,,,,0,1,10,22,,,,,0,1,1,22,,,,,0,1,2,22,,,,,0,1,3,22,,,,,0,1,4,22,,,,,0,1,5,22,,,,,0,1,6,22,,,,,0,1,7,22,,,,,0,1,8,22,,,,,0,1,9,22,,,,,0,1,10,22,,0,1,1,22,,,,,0,1,1,22,,,,,0,1,2,22,,,,,0,1,3,22,,,,,0,1,4,22,,,,,0,1,5,22,,,,,0,1,6,22,,,,,0,1,7,22,,,,,0,1,8,22,,,,,0,1,9,22,,,,,0,1,10,22,,,,,0,1,1,22,,,,,0,1,2,22,,,,,0,1,3,22,,,,,0,1,4,22,,,,,0,1,5,22,,,,,0,1,6,22,,,,,0,1,7,22,,,,,0,1,8,22,,,,,0,1,9,22,,,,,0,1,10,22,,,,,0,1,1,22,,,,,0,1,2,22,,,,,0,1,3,22,,,,,0,1,4,22,,,,,0,1,5,22,,,,,0,1,6,22,,,,,0,1,7,22,,,,,0,1,8,22,,,,,0,1,9,22,,,,,0,1,10,22,,,,,0,1,1,22,,,,,0,1,2,22,,,,,0,1,3,22,,,,,0,1,4,22,,,,,0,1,5,22,,,,,0,1,6,22,,,,,0,1,7,22,,,,,0,1,8,22,,,,,0,1,9,22,,,,,0,1,10,22,,,,,0,1,1,22,,,,,0,1,2,22,,,,,0,1,3,22,,,,,0,1,4,22,,,,,0,1,5,22,,,,,0,1,6,22,,,,,0,1,7,22,,,,,0,1,8,22,,,,,0,1,9,22,,,,,0,1,10
23,l1318zut,,0,0,423,,,,,0,,,0,0.00,72siy09q,,,,,,0,0.00,1.0,23,,,,,0,1,1,23,,,,,0,1,1,23,,,,,0,1,2,23,,,,,0,1,3,23,,,,,0,1,4,23,,,,,0,1,5,23,,,,,0,1,6,23,,,,,0,1,7,23,,,,,0,1,8,23,,,,,0,1,9,23,,,,,0,1,10,23,,,,,0,1,1,23,,,,,0,1,2,23,,,,,0,1,3,23,,,,,0,1,4,23,,,,,0,1,5,23,,,,,0,1,6,23,,,,,0,1,7,23,,,,,0,1,8,23,,,,,0,1,9,23,,,,,0,1,10,23,,,,,0,1,1,23,,,,,0,1,2,23,,,,,0,1,3,23,,,,,0,1,4,23,,,,,0,1,5,23,,,,,0,1,6,23,,,,,0,1,7,23,,,,,0,1,8,23,,,,,0,1,9,23,,,,,0,1,10,23,,0,1,1,23,,,,,0,1,1,23,,,,,0,1,2,23,,,,,0,1,3,23,,,,,0,1,4,23,,,,,0,1,5,23,,,,,0,1,6,23,,,,,0,1,7,23,,,,,0,1,8,23,,,,,0,1,9,23,,,,,0,1,10,23,,,,,0,1,1,23,,,,,0,1,2,23,,,,,0,1,3,23,,,,,0,1,4,23,,,,,0,1,5,23,,,,,0,1,6,23,,,,,0,1,7,23,,,,,0,1,8,23,,,,,0,1,9,23,,,,,0,1,10,23,,,,,0,1,1,23,,,,,0,1,2,23,,,,,0,1,3,23,,,,,0,1,4,23,,,,,0,1,5,23,,,,,0,1,6,23,,,,,0,1,7,23,,,,,0,1,8,23,,,,,0,1,9,23,,,,,0,1,10,23,,,,,0,1,1,23,,,,,0,1,2,23,,,,,0,1,3,23,,,,,0,1,4,23,,,,,0,1,5,23,,,,,0,1,6,23,,,,,0,1,7,23,,,,,0,1,8,23,,,,,0,1,9,23,,,,,0,1,10,23,,,,,0,1,1,23,,,,,0,1,2,23,,,,,0,1,3,23,,,,,0,1,4,23,,,,,0,1,5,23,,,,,0,1,6,23,,,,,0,1,7,23,,,,,0,1,8,23,,,,,0,1,9,23,,,,,0,1,10
24,g5qcynby,,0,0,423,,,,,0,,,0,0.00,72siy09q,,,,,,0,0.00,1.0,24,,,,,0,1,1,24,,,,,0,1,1,24,,,,,0,1,2,24,,,,,0,1,3,24,,,,,0,1,4,24,,,,,0,1,5,24,,,,,0,1,6,24,,,,,0,1,7,24,,,,,0,1,8,24,,,,,0,1,9,24,,,,,0,1,10,24,,,,,0,1,1,24,,,,,0,1,2,24,,,,,0,1,3,24,,,,,0,1,4,24,,,,,0,1,5,24,,,,,0,1,6,24,,,,,0,1,7,24,,,,,0,1,8,24,,,,,0,1,9,24,,,,,0,1,10,24,,,,,0,1,1,24,,,,,0,1,2,24,,,,,0,1,3,24,,,,,0,1,4,24,,,,,0,1,5,24,,,,,0,1,6,24,,,,,0,1,7,24,,,,,0,1,8,24,,,,,0,1,9,24,,,,,0,1,10,24,,0,1,1,24,,,,,0,1,1,24,,,,,0,1,2,24,,,,,0,1,3,24,,,,,0,1,4,24,,,,,0,1,5,24,,,,,0,1,6,24,,,,,0,1,7,24,,,,,0,1,8,24,,,,,0,1,9,24,,,,,0,1,10,24,,,,,0,1,1,24,,,,,0,1,2,24,,,,,0,1,3,24,,,,,0,1,4,24,,,,,0,1,5,24,,,,,0,1,6,24,,,,,0,1,7,24,,,,,0,1,8,24,,,,,0,1,9,24,,,,,0,1,10,24,,,,,0,1,1,24,,,,,0,1,2,24,,,,,0,1,3,24,,,,,0,1,4,24,,,,,0,1,5,24,,,,,0,1,6,24,,,,,0,1,7,24,,,,,0,1,8,24,,,,,0,1,9,24,,,,,0,1,10,24,,,,,0,1,1,24,,,,,0,1,2,24,,,,,0,1,3,24,,,,,0,1,4,24,,,,,0,1,5,24,,,,,0,1,6,24,,,,,0,1,7,24,,,,,0,1,8,24,,,,,0,1,9,24,,,,,0,1,10,24,,,,,0,1,1,24,,,,,0,1,2,24,,,,,0,1,3,24,,,,,0,1,4,24,,,,,0,1,5,24,,,,,0,1,6,24,,,,,0,1,7,24,,,,,0,1,8,24,,,,,0,1,9,24,,,,,0,1,10
25,e9v6daqs,,0,0,423,,,,,0,,,0,0.00,72siy09q,,,,,,0,0.00,1.0,25,,,,,0,1,1,25,,,,,0,1,1,25,,,,,0,1,2,25,,,,,0,1,3,25,,,,,0,1,4,25,,,,,0,1,5,25,,,,,0,1,6,25,,,,,0,1,7,25,,,,,0,1,8,25,,,,,0,1,9,25,,,,,0,1,10,25,,,,,0,1,1,25,,,,,0,1,2,25,,,,,0,1,3,25,,,,,0,1,4,25,,,,,0,1,5,25,,,,,0,1,6,25,,,,,0,1,7,25,,,,,0,1,8,25,,,,,0,1,9,25,,,,,0,1,10,25,,,,,0,1,1,25,,,,,0,1,2,25,,,,,0,1,3,25,,,,,0,1,4,25,,,,,0,1,5,25,,,,,0,1,6,25,,,,,0,1,7,25,,,,,0,1,8,25,,,,,0,1,9,25,,,,,0,1,10,25,,0,1,1,25,,,,,0,1,1,25,,,,,0,1,2,25,,,,,0,1,3,25,,,,,0,1,4,25,,,,,0,1,5,25,,,,,0,1,6,25,,,,,0,1,7,25,,,,,0,1,8,25,,,,,0,1,9,25,,,,,0,1,10,25,,,,,0,1,1,25,,,,,0,1,2,25,,,,,0,1,3,25,,,,,0,1,4,25,,,,,0,1,5,25,,,,,0,1,6,25,,,,,0,1,7,25,,,,,0,1,8,25,,,,,0,1,9,25,,,,,0,1,10,25,,,,,0,1,1,25,,,,,0,1,2,25,,,,,0,1,3,25,,,,,0,1,4,25,,,,,0,1,5,25,,,,,0,1,6,25,,,,,0,1,7,25,,,,,0,1,8,25,,,,,0,1,9,25,,,,,0,1,10,25,,,,,0,1,1,25,,,,,0,1,2,25,,,,,0,1,3,25,,,,,0,1,4,25,,,,,0,1,5,25,,,,,0,1,6,25,,,,,0,1,7,25,,,,,0,1,8,25,,,,,0,1,9,25,,,,,0,1,10,25,,,,,0,1,1,25,,,,,0,1,2,25,,,,,0,1,3,25,,,,,0,1,4,25,,,,,0,1,5,25,,,,,0,1,6,25,,,,,0,1,7,25,,,,,0,1,8,25,,,,,0,1,9,25,,,,,0,1,10
26,wi5jeew6,,0,0,423,,,,,0,,,0,0.00,72siy09q,,,,,,0,0.00,1.0,26,,,,,0,1,1,26,,,,,0,1,1,26,,,,,0,1,2,26,,,,,0,1,3,26,,,,,0,1,4,26,,,,,0,1,5,26,,,,,0,1,6,26,,,,,0,1,7,26,,,,,0,1,8,26,,,,,0,1,9,26,,,,,0,1,10,26,,,,,0,1,1,26,,,,,0,1,2,26,,,,,0,1,3,26,,,,,0,1,4,26,,,,,0,1,5,26,,,,,0,1,6,26,,,,,0,1,7,26,,,,,0,1,8,26,,,,,0,1,9,26,,,,,0,1,10,26,,,,,0,1,1,26,,,,,0,1,2,26,,,,,0,1,3,26,,,,,0,1,4,26,,,,,0,1,5,26,,,,,0,1,6,26,,,,,0,1,7,26,,,,,0,1,8,26,,,,,0,1,9,26,,,,,0,1,10,26,,0,1,1,26,,,,,0,1,1,26,,,,,0,1,2,26,,,,,0,1,3,26,,,,,0,1,4,26,,,,,0,1,5,26,,,,,0,1,6,26,,,,,0,1,7,26,,,,,0,1,8,26,,,,,0,1,9,26,,,,,0,1,10,26,,,,,0,1,1,26,,,,,0,1,2,26,,,,,0,1,3,26,,,,,0,1,4,26,,,,,0,1,5,26,,,,,0,1,6,26,,,,,0,1,7,26,,,,,0,1,8,26,,,,,0,1,9,26,,,,,0,1,10,26,,,,,0,1,1,26,,,,,0,1,2,26,,,,,0,1,3,26,,,,,0,1,4,26,,,,,0,1,5,26,,,,,0,1,6,26,,,,,0,1,7,26,,,,,0,1,8,26,,,,,0,1,9,26,,,,,0,1,10,26,,,,,0,1,1,26,,,,,0,1,2,26,,,,,0,1,3,26,,,,,0,1,4,26,,,,,0,1,5,26,,,,,0,1,6,26,,,,,0,1,7,26,,,,,0,1,8,26,,,,,0,1,9,26,,,,,0,1,10,26,,,,,0,1,1,26,,,,,0,1,2,26,,,,,0,1,3,26,,,,,0,1,4,26,,,,,0,1,5,26,,,,,0,1,6,26,,,,,0,1,7,26,,,,,0,1,8,26,,,,,0,1,9,26,,,,,0,1,10
27,o3hvm7pe,,0,0,423,,,,,0,,,0,0.00,72siy09q,,,,,,0,0.00,1.0,27,,,,,0,1,1,27,,,,,0,1,1,27,,,,,0,1,2,27,,,,,0,1,3,27,,,,,0,1,4,27,,,,,0,1,5,27,,,,,0,1,6,27,,,,,0,1,7,27,,,,,0,1,8,27,,,,,0,1,9,27,,,,,0,1,10,27,,,,,0,1,1,27,,,,,0,1,2,27,,,,,0,1,3,27,,,,,0,1,4,27,,,,,0,1,5,27,,,,,0,1,6,27,,,,,0,1,7,27,,,,,0,1,8,27,,,,,0,1,9,27,,,,,0,1,10,27,,,,,0,1,1,27,,,,,0,1,2,27,,,,,0,1,3,27,,,,,0,1,4,27,,,,,0,1,5,27,,,,,0,1,6,27,,,,,0,1,7,27,,,,,0,1,8,27,,,,,0,1,9,27,,,,,0,1,10,27,,0,1,1,27,,,,,0,1,1,27,,,,,0,1,2,27,,,,,0,1,3,27,,,,,0,1,4,27,,,,,0,1,5,27,,,,,0,1,6,27,,,,,0,1,7,27,,,,,0,1,8,27,,,,,0,1,9,27,,,,,0,1,10,27,,,,,0,1,1,27,,,,,0,1,2,27,,,,,0,1,3,27,,,,,0,1,4,27,,,,,0,1,5,27,,,,,0,1,6,27,,,,,0,1,7,27,,,,,0,1,8,27,,,,,0,1,9,27,,,,,0,1,10,27,,,,,0,1,1,27,,,,,0,1,2,27,,,,,0,1,3,27,,,,,0,1,4,27,,,,,0,1,5,27,,,,,0,1,6,27,,,,,0,1,7,27,,,,,0,1,8,27,,,,,0,1,9,27,,,,,0,1,10,27,,,,,0,1,1,27,,,,,0,1,2,27,,,,,0,1,3,27,,,,,0,1,4,27,,,,,0,1,5,27,,,,,0,1,6,27,,,,,0,1,7,27,,,,,0,1,8,27,,,,,0,1,9,27,,,,,0,1,10,27,,,,,0,1,1,27,,,,,0,1,2,27,,,,,0,1,3,27,,,,,0,1,4,27,,,,,0,1,5,27,,,,,0,1,6,27,,,,,0,1,7,27,,,,,0,1,8,27,,,,,0,1,9,27,,,,,0,1,10
28,20ib0rz7,,0,0,423,,,,,0,,,0,0.00,72siy09q,,,,,,0,0.00,1.0,28,,,,,0,1,1,28,,,,,0,1,1,28,,,,,0,1,2,28,,,,,0,1,3,28,,,,,0,1,4,28,,,,,0,1,5,28,,,,,0,1,6,28,,,,,0,1,7,28,,,,,0,1,8,28,,,,,0,1,9,28,,,,,0,1,10,28,,,,,0,1,1,28,,,,,0,1,2,28,,,,,0,1,3,28,,,,,0,1,4,28,,,,,0,1,5,28,,,,,0,1,6,28,,,,,0,1,7,28,,,,,0,1,8,28,,,,,0,1,9,28,,,,,0,1,10,28,,,,,0,1,1,28,,,,,0,1,2,28,,,,,0,1,3,28,,,,,0,1,4,28,,,,,0,1,5,28,,,,,0,1,6,28,,,,,0,1,7,28,,,,,0,1,8,28,,,,,0,1,9,28,,,,,0,1,10,28,,0,1,1,28,,,,,0,1,1,28,,,,,0,1,2,28,,,,,0,1,3,28,,,,,0,1,4,28,,,,,0,1,5,28,,,,,0,1,6,28,,,,,0,1,7,28,,,,,0,1,8,28,,,,,0,1,9,28,,,,,0,1,10,28,,,,,0,1,1,28,,,,,0,1,2,28,,,,,0,1,3,28,,,,,0,1,4,28,,,,,0,1,5,28,,,,,0,1,6,28,,,,,0,1,7,28,,,,,0,1,8,28,,,,,0,1,9,28,,,,,0,1,10,28,,,,,0,1,1,28,,,,,0,1,2,28,,,,,0,1,3,28,,,,,0,1,4,28,,,,,0,1,5,28,,,,,0,1,6,28,,,,,0,1,7,28,,,,,0,1,8,28,,,,,0,1,9,28,,,,,0,1,10,28,,,,,0,1,1,28,,,,,0,1,2,28,,,,,0,1,3,28,,,,,0,1,4,28,,,,,0,1,5,28,,,,,0,1,6,28,,,,,0,1,7,28,,,,,0,1,8,28,,,,,0,1,9,28,,,,,0,1,10,28,,,,,0,1,1,28,,,,,0,1,2,28,,,,,0,1,3,28,,,,,0,1,4,28,,,,,0,1,5,28,,,,,0,1,6,28,,,,,0,1,7,28,,,,,0,1,8,28,,,,,0,1,9,28,,,,,0,1,10
29,j6s1nkqt,,0,0,423,,,,,0,,,0,0.00,72siy09q,,,,,,0,0.00,1.0,29,,,,,0,1,1,29,,,,,0,1,1,29,,,,,0,1,2,29,,,,,0,1,3,29,,,,,0,1,4,29,,,,,0,1,5,29,,,,,0,1,6,29,,,,,0,1,7,29,,,,,0,1,8,29,,,,,0,1,9,29,,,,,0,1,10,29,,,,,0,1,1,29,,,,,0,1,2,29,,,,,0,1,3,29,,,,,0,1,4,29,,,,,0,1,5,29,,,,,0,1,6,29,,,,,0,1,7,29,,,,,0,1,8,29,,,,,0,1,9,29,,,,,0,1,10,29,,,,,0,1,1,29,,,,,0,1,2,29,,,,,0,1,3,29,,,,,0,1,4,29,,,,,0,1,5,29,,,,,0,1,6,29,,,,,0,1,7,29,,,,,0,1,8,29,,,,,0,1,9,29,,,,,0,1,10,29,,0,1,1,29,,,,,0,1,1,29,,,,,0,1,2,29,,,,,0,1,3,29,,,,,0,1,4,29,,,,,0,1,5,29,,,,,0,1,6,29,,,,,0,1,7,29,,,,,0,1,8,29,,,,,0,1,9,29,,,,,0,1,10,29,,,,,0,1,1,29,,,,,0,1,2,29,,,,,0,1,3,29,,,,,0,1,4,29,,,,,0,1,5,29,,,,,0,1,6,29,,,,,0,1,7,29,,,,,0,1,8,29,,,,,0,1,9,29,,,,,0,1,10,29,,,,,0,1,1,29,,,,,0,1,2,29,,,,,0,1,3,29,,,,,0,1,4,29,,,,,0,1,5,29,,,,,0,1,6,29,,,,,0,1,7,29,,,,,0,1,8,29,,,,,0,1,9,29,,,,,0,1,10,29,,,,,0,1,1,29,,,,,0,1,2,29,,,,,0,1,3,29,,,,,0,1,4,29,,,,,0,1,5,29,,,,,0,1,6,29,,,,,0,1,7,29,,,,,0,1,8,29,,,,,0,1,9,29,,,,,0,1,10,29,,,,,0,1,1,29,,,,,0,1,2,29,,,,,0,1,3,29,,,,,0,1,4,29,,,,,0,1,5,29,,,,,0,1,6,29,,,,,0,1,7,29,,,,,0,1,8,29,,,,,0,1,9,29,,,,,0,1,10
30,kknjqt0t,,0,0,423,,,,,0,,,0,0.00,72siy09q,,,,,,0,0.00,1.0,30,,,,,0,1,1,30,,,,,0,1,1,30,,,,,0,1,2,30,,,,,0,1,3,30,,,,,0,1,4,30,,,,,0,1,5,30,,,,,0,1,6,30,,,,,0,1,7,30,,,,,0,1,8,30,,,,,0,1,9,30,,,,,0,1,10,30,,,,,0,1,1,30,,,,,0,1,2,30,,,,,0,1,3,30,,,,,0,1,4,30,,,,,0,1,5,30,,,,,0,1,6,30,,,,,0,1,7,30,,,,,0,1,8,30,,,,,0,1,9,30,,,,,0,1,10,30,,,,,0,1,1,30,,,,,0,1,2,30,,,,,0,1,3,30,,,,,0,1,4,30,,,,,0,1,5,30,,,,,0,1,6,30,,,,,0,1,7,30,,,,,0,1,8,30,,,,,0,1,9,30,,,,,0,1,10,30,,0,1,1,30,,,,,0,1,1,30,,,,,0,1,2,30,,,,,0,1,3,30,,,,,0,1,4,30,,,,,0,1,5,30,,,,,0,1,6,30,,,,,0,1,7,30,,,,,0,1,8,30,,,,,0,1,9,30,,,,,0,1,10,30,,,,,0,1,1,30,,,,,0,1,2,30,,,,,0,1,3,30,,,,,0,1,4,30,,,,,0,1,5,30,,,,,0,1,6,30,,,,,0,1,7,30,,,,,0,1,8,30,,,,,0,1,9,30,,,,,0,1,10,30,,,,,0,1,1,30,,,,,0,1,2,30,,,,,0,1,3,30,,,,,0,1,4,30,,,,,0,1,5,30,,,,,0,1,6,30,,,,,0,1,7,30,,,,,0,1,8,30,,,,,0,1,9,30,,,,,0,1,10,30,,,,,0,1,1,30,,,,,0,1,2,30,,,,,0,1,3,30,,,,,0,1,4,30,,,,,0,1,5,30,,,,,0,1,6,30,,,,,0,1,7,30,,,,,0,1,8,30,,,,,0,1,9,30,,,,,0,1,10,30,,,,,0,1,1,30,,,,,0,1,2,30,,,,,0,1,3,30,,,,,0,1,4,30,,,,,0,1,5,30,,,,,0,1,6,30,,,,,0,1,7,30,,,,,0,1,8,30,,,,,0,1,9,30,,,,,0,1,10
31,o36reyew,,0,0,423,,,,,0,,,0,0.00,72siy09q,,,,,,0,0.00,1.0,31,,,,,0,1,1,31,,,,,0,1,1,31,,,,,0,1,2,31,,,,,0,1,3,31,,,,,0,1,4,31,,,,,0,1,5,31,,,,,0,1,6,31,,,,,0,1,7,31,,,,,0,1,8,31,,,,,0,1,9,31,,,,,0,1,10,31,,,,,0,1,1,31,,,,,0,1,2,31,,,,,0,1,3,31,,,,,0,1,4,31,,,,,0,1,5,31,,,,,0,1,6,31,,,,,0,1,7,31,,,,,0,1,8,31,,,,,0,1,9,31,,,,,0,1,10,31,,,,,0,1,1,31,,,,,0,1,2,31,,,,,0,1,3,31,,,,,0,1,4,31,,,,,0,1,5,31,,,,,0,1,6,31,,,,,0,1,7,31,,,,,0,1,8,31,,,,,0,1,9,31,,,,,0,1,10,31,,0,1,1,31,,,,,0,1,1,31,,,,,0,1,2,31,,,,,0,1,3,31,,,,,0,1,4,31,,,,,0,1,5,31,,,,,0,1,6,31,,,,,0,1,7,31,,,,,0,1,8,31,,,,,0,1,9,31,,,,,0,1,10,31,,,,,0,1,1,31,,,,,0,1,2,31,,,,,0,1,3,31,,,,,0,1,4,31,,,,,0,1,5,31,,,,,0,1,6,31,,,,,0,1,7,31,,,,,0,1,8,31,,,,,0,1,9,31,,,,,0,1,10,31,,,,,0,1,1,31,,,,,0,1,2,31,,,,,0,1,3,31,,,,,0,1,4,31,,,,,0,1,5,31,,,,,0,1,6,31,,,,,0,1,7,31,,,,,0,1,8,31,,,,,0,1,9,31,,,,,0,1,10,31,,,,,0,1,1,31,,,,,0,1,2,31,,,,,0,1,3,31,,,,,0,1,4,31,,,,,0,1,5,31,,,,,0,1,6,31,,,,,0,1,7,31,,,,,0,1,8,31,,,,,0,1,9,31,,,,,0,1,10,31,,,,,0,1,1,31,,,,,0,1,2,31,,,,,0,1,3,31,,,,,0,1,4,31,,,,,0,1,5,31,,,,,0,1,6,31,,,,,0,1,7,31,,,,,0,1,8,31,,,,,0,1,9,31,,,,,0,1,10
32,rcce43lu,,0,0,423,,,,,0,,,0,0.00,72siy09q,,,,,,0,0.00,1.0,32,,,,,0,1,1,32,,,,,0,1,1,32,,,,,0,1,2,32,,,,,0,1,3,32,,,,,0,1,4,32,,,,,0,1,5,32,,,,,0,1,6,32,,,,,0,1,7,32,,,,,0,1,8,32,,,,,0,1,9,32,,,,,0,1,10,32,,,,,0,1,1,32,,,,,0,1,2,32,,,,,0,1,3,32,,,,,0,1,4,32,,,,,0,1,5,32,,,,,0,1,6,32,,,,,0,1,7,32,,,,,0,1,8,32,,,,,0,1,9,32,,,,,0,1,10,32,,,,,0,1,1,32,,,,,0,1,2,32,,,,,0,1,3,32,,,,,0,1,4,32,,,,,0,1,5,32,,,,,0,1,6,32,,,,,0,1,7,32,,,,,0,1,8,32,,,,,0,1,9,32,,,,,0,1,10,32,,0,1,1,32,,,,,0,1,1,32,,,,,0,1,2,32,,,,,0,1,3,32,,,,,0,1,4,32,,,,,0,1,5,32,,,,,0,1,6,32,,,,,0,1,7,32,,,,,0,1,8,32,,,,,0,1,9,32,,,,,0,1,10,32,,,,,0,1,1,32,,,,,0,1,2,32,,,,,0,1,3,32,,,,,0,1,4,32,,,,,0,1,5,32,,,,,0,1,6,32,,,,,0,1,7,32,,,,,0,1,8,32,,,,,0,1,9,32,,,,,0,1,10,32,,,,,0,1,1,32,,,,,0,1,2,32,,,,,0,1,3,32,,,,,0,1,4,32,,,,,0,1,5,32,,,,,0,1,6,32,,,,,0,1,7,32,,,,,0,1,8,32,,,,,0,1,9,32,,,,,0,1,10,32,,,,,0,1,1,32,,,,,0,1,2,32,,,,,0,1,3,32,,,,,0,1,4,32,,,,,0,1,5,32,,,,,0,1,6,32,,,,,0,1,7,32,,,,,0,1,8,32,,,,,0,1,9,32,,,,,0,1,10,32,,,,,0,1,1,32,,,,,0,1,2,32,,,,,0,1,3,32,,,,,0,1,4,32,,,,,0,1,5,32,,,,,0,1,6,32,,,,,0,1,7,32,,,,,0,1,8,32,,,,,0,1,9,32,,,,,0,1,10
33,yjftyd1u,,0,0,423,,,,,0,,,0,0.00,72siy09q,,,,,,0,0.00,1.0,33,,,,,0,1,1,33,,,,,0,1,1,33,,,,,0,1,2,33,,,,,0,1,3,33,,,,,0,1,4,33,,,,,0,1,5,33,,,,,0,1,6,33,,,,,0,1,7,33,,,,,0,1,8,33,,,,,0,1,9,33,,,,,0,1,10,33,,,,,0,1,1,33,,,,,0,1,2,33,,,,,0,1,3,33,,,,,0,1,4,33,,,,,0,1,5,33,,,,,0,1,6,33,,,,,0,1,7,33,,,,,0,1,8,33,,,,,0,1,9,33,,,,,0,1,10,33,,,,,0,1,1,33,,,,,0,1,2,33,,,,,0,1,3,33,,,,,0,1,4,33,,,,,0,1,5,33,,,,,0,1,6,33,,,,,0,1,7,33,,,,,0,1,8,33,,,,,0,1,9,33,,,,,0,1,10,33,,0,1,1,33,,,,,0,1,1,33,,,,,0,1,2,33,,,,,0,1,3,33,,,,,0,1,4,33,,,,,0,1,5,33,,,,,0,1,6,33,,,,,0,1,7,33,,,,,0,1,8,33,,,,,0,1,9,33,,,,,0,1,10,33,,,,,0,1,1,33,,,,,0,1,2,33,,,,,0,1,3,33,,,,,0,1,4,33,,,,,0,1,5,33,,,,,0,1,6,33,,,,,0,1,7,33,,,,,0,1,8,33,,,,,0,1,9,33,,,,,0,1,10,33,,,,,0,1,1,33,,,,,0,1,2,33,,,,,0,1,3,33,,,,,0,1,4,33,,,,,0,1,5,33,,,,,0,1,6,33,,,,,0,1,7,33,,,,,0,1,8,33,,,,,0,1,9,33,,,,,0,1,10,33,,,,,0,1,1,33,,,,,0,1,2,33,,,,,0,1,3,33,,,,,0,1,4,33,,,,,0,1,5,33,,,,,0,1,6,33,,,,,0,1,7,33,,,,,0,1,8,33,,,,,0,1,9,33,,,,,0,1,10,33,,,,,0,1,1,33,,,,,0,1,2,33,,,,,0,1,3,33,,,,,0,1,4,33,,,,,0,1,5,33,,,,,0,1,6,33,,,,,0,1,7,33,,,,,0,1,8,33,,,,,0,1,9,33,,,,,0,1,10
34,meqgoqco,,0,0,423,,,,,0,,,0,0.00,72siy09q,,,,,,0,0.00,1.0,34,,,,,0,1,1,34,,,,,0,1,1,34,,,,,0,1,2,34,,,,,0,1,3,34,,,,,0,1,4,34,,,,,0,1,5,34,,,,,0,1,6,34,,,,,0,1,7,34,,,,,0,1,8,34,,,,,0,1,9,34,,,,,0,1,10,34,,,,,0,1,1,34,,,,,0,1,2,34,,,,,0,1,3,34,,,,,0,1,4,34,,,,,0,1,5,34,,,,,0,1,6,34,,,,,0,1,7,34,,,,,0,1,8,34,,,,,0,1,9,34,,,,,0,1,10,34,,,,,0,1,1,34,,,,,0,1,2,34,,,,,0,1,3,34,,,,,0,1,4,34,,,,,0,1,5,34,,,,,0,1,6,34,,,,,0,1,7,34,,,,,0,1,8,34,,,,,0,1,9,34,,,,,0,1,10,34,,0,1,1,34,,,,,0,1,1,34,,,,,0,1,2,34,,,,,0,1,3,34,,,,,0,1,4,34,,,,,0,1,5,34,,,,,0,1,6,34,,,,,0,1,7,34,,,,,0,1,8,34,,,,,0,1,9,34,,,,,0,1,10,34,,,,,0,1,1,34,,,,,0,1,2,34,,,,,0,1,3,34,,,,,0,1,4,34,,,,,0,1,5,34,,,,,0,1,6,34,,,,,0,1,7,34,,,,,0,1,8,34,,,,,0,1,9,34,,,,,0,1,10,34,,,,,0,1,1,34,,,,,0,1,2,34,,,,,0,1,3,34,,,,,0,1,4,34,,,,,0,1,5,34,,,,,0,1,6,34,,,,,0,1,7,34,,,,,0,1,8,34,,,,,0,1,9,34,,,,,0,1,10,34,,,,,0,1,1,34,,,,,0,1,2,34,,,,,0,1,3,34,,,,,0,1,4,34,,,,,0,1,5,34,,,,,0,1,6,34,,,,,0,1,7,34,,,,,0,1,8,34,,,,,0,1,9,34,,,,,0,1,10,34,,,,,0,1,1,34,,,,,0,1,2,34,,,,,0,1,3,34,,,,,0,1,4,34,,,,,0,1,5,34,,,,,0,1,6,34,,,,,0,1,7,34,,,,,0,1,8,34,,,,,0,1,9,34,,,,,0,1,10
35,ylnn0mux,,0,0,423,,,,,0,,,0,0.00,72siy09q,,,,,,0,0.00,1.0,35,,,,,0,1,1,35,,,,,0,1,1,35,,,,,0,1,2,35,,,,,0,1,3,35,,,,,0,1,4,35,,,,,0,1,5,35,,,,,0,1,6,35,,,,,0,1,7,35,,,,,0,1,8,35,,,,,0,1,9,35,,,,,0,1,10,35,,,,,0,1,1,35,,,,,0,1,2,35,,,,,0,1,3,35,,,,,0,1,4,35,,,,,0,1,5,35,,,,,0,1,6,35,,,,,0,1,7,35,,,,,0,1,8,35,,,,,0,1,9,35,,,,,0,1,10,35,,,,,0,1,1,35,,,,,0,1,2,35,,,,,0,1,3,35,,,,,0,1,4,35,,,,,0,1,5,35,,,,,0,1,6,35,,,,,0,1,7,35,,,,,0,1,8,35,,,,,0,1,9,35,,,,,0,1,10,35,,0,1,1,35,,,,,0,1,1,35,,,,,0,1,2,35,,,,,0,1,3,35,,,,,0,1,4,35,,,,,0,1,5,35,,,,,0,1,6,35,,,,,0,1,7,35,,,,,0,1,8,35,,,,,0,1,9,35,,,,,0,1,10,35,,,,,0,1,1,35,,,,,0,1,2,35,,,,,0,1,3,35,,,,,0,1,4,35,,,,,0,1,5,35,,,,,0,1,6,35,,,,,0,1,7,35,,,,,0,1,8,35,,,,,0,1,9,35,,,,,0,1,10,35,,,,,0,1,1,35,,,,,0,1,2,35,,,,,0,1,3,35,,,,,0,1,4,35,,,,,0,1,5,35,,,,,0,1,6,35,,,,,0,1,7,35,,,,,0,1,8,35,,,,,0,1,9,35,,,,,0,1,10,35,,,,,0,1,1,35,,,,,0,1,2,35,,,,,0,1,3,35,,,,,0,1,4,35,,,,,0,1,5,35,,,,,0,1,6,35,,,,,0,1,7,35,,,,,0,1,8,35,,,,,0,1,9,35,,,,,0,1,10,35,,,,,0,1,1,35,,,,,0,1,2,35,,,,,0,1,3,35,,,,,0,1,4,35,,,,,0,1,5,35,,,,,0,1,6,35,,,,,0,1,7,35,,,,,0,1,8,35,,,,,0,1,9,35,,,,,0,1,10
36,tk5p1hza,,0,0,423,,,,,0,,,0,0.00,72siy09q,,,,,,0,0.00,1.0,36,,,,,0,1,1,36,,,,,0,1,1,36,,,,,0,1,2,36,,,,,0,1,3,36,,,,,0,1,4,36,,,,,0,1,5,36,,,,,0,1,6,36,,,,,0,1,7,36,,,,,0,1,8,36,,,,,0,1,9,36,,,,,0,1,10,36,,,,,0,1,1,36,,,,,0,1,2,36,,,,,0,1,3,36,,,,,0,1,4,36,,,,,0,1,5,36,,,,,0,1,6,36,,,,,0,1,7,36,,,,,0,1,8,36,,,,,0,1,9,36,,,,,0,1,10,36,,,,,0,1,1,36,,,,,0,1,2,36,,,,,0,1,3,36,,,,,0,1,4,36,,,,,0,1,5,36,,,,,0,1,6,36,,,,,0,1,7,36,,,,,0,1,8,36,,,,,0,1,9,36,,,,,0,1,10,36,,0,1,1,36,,,,,0,1,1,36,,,,,0,1,2,36,,,,,0,1,3,36,,,,,0,1,4,36,,,,,0,1,5,36,,,,,0,1,6,36,,,,,0,1,7,36,,,,,0,1,8,36,,,,,0,1,9,36,,,,,0,1,10,36,,,,,0,1,1,36,,,,,0,1,2,36,,,,,0,1,3,36,,,,,0,1,4,36,,,,,0,1,5,36,,,,,0,1,6,36,,,,,0,1,7,36,,,,,0,1,8,36,,,,,0,1,9,36,,,,,0,1,10,36,,,,,0,1,1,36,,,,,0,1,2,36,,,,,0,1,3,36,,,,,0,1,4,36,,,,,0,1,5,36,,,,,0,1,6,36,,,,,0,1,7,36,,,,,0,1,8,36,,,,,0,1,9,36,,,,,0,1,10,36,,,,,0,1,1,36,,,,,0,1,2,36,,,,,0,1,3,36,,,,,0,1,4,36,,,,,0,1,5,36,,,,,0,1,6,36,,,,,0,1,7,36,,,,,0,1,8,36,,,,,0,1,9,36,,,,,0,1,10,36,,,,,0,1,1,36,,,,,0,1,2,36,,,,,0,1,3,36,,,,,0,1,4,36,,,,,0,1,5,36,,,,,0,1,6,36,,,,,0,1,7,36,,,,,0,1,8,36,,,,,0,1,9,36,,,,,0,1,10
37,9ubb6kgg,,0,0,423,,,,,0,,,0,0.00,72siy09q,,,,,,0,0.00,1.0,37,,,,,0,1,1,37,,,,,0,1,1,37,,,,,0,1,2,37,,,,,0,1,3,37,,,,,0,1,4,37,,,,,0,1,5,37,,,,,0,1,6,37,,,,,0,1,7,37,,,,,0,1,8,37,,,,,0,1,9,37,,,,,0,1,10,37,,,,,0,1,1,37,,,,,0,1,2,37,,,,,0,1,3,37,,,,,0,1,4,37,,,,,0,1,5,37,,,,,0,1,6,37,,,,,0,1,7,37,,,,,0,1,8,37,,,,,0,1,9,37,,,,,0,1,10,37,,,,,0,1,1,37,,,,,0,1,2,37,,,,,0,1,3,37,,,,,0,1,4,37,,,,,0,1,5,37,,,,,0,1,6,37,,,,,0,1,7,37,,,,,0,1,8,37,,,,,0,1,9,37,,,,,0,1,10,37,,0,1,1,37,,,,,0,1,1,37,,,,,0,1,2,37,,,,,0,1,3,37,,,,,0,1,4,37,,,,,0,1,5,37,,,,,0,1,6,37,,,,,0,1,7,37,,,,,0,1,8,37,,,,,0,1,9,37,,,,,0,1,10,37,,,,,0,1,1,37,,,,,0,1,2,37,,,,,0,1,3,37,,,,,0,1,4,37,,,,,0,1,5,37,,,,,0,1,6,37,,,,,0,1,7,37,,,,,0,1,8,37,,,,,0,1,9,37,,,,,0,1,10,37,,,,,0,1,1,37,,,,,0,1,2,37,,,,,0,1,3,37,,,,,0,1,4,37,,,,,0,1,5,37,,,,,0,1,6,37,,,,,0,1,7,37,,,,,0,1,8,37,,,,,0,1,9,37,,,,,0,1,10,37,,,,,0,1,1,37,,,,,0,1,2,37,,,,,0,1,3,37,,,,,0,1,4,37,,,,,0,1,5,37,,,,,0,1,6,37,,,,,0,1,7,37,,,,,0,1,8,37,,,,,0,1,9,37,,,,,0,1,10,37,,,,,0,1,1,37,,,,,0,1,2,37,,,,,0,1,3,37,,,,,0,1,4,37,,,,,0,1,5,37,,,,,0,1,6,37,,,,,0,1,7,37,,,,,0,1,8,37,,,,,0,1,9,37,,,,,0,1,10
38,t2op9l0l,,0,0,423,,,,,0,,,0,0.00,72siy09q,,,,,,0,0.00,1.0,38,,,,,0,1,1,38,,,,,0,1,1,38,,,,,0,1,2,38,,,,,0,1,3,38,,,,,0,1,4,38,,,,,0,1,5,38,,,,,0,1,6,38,,,,,0,1,7,38,,,,,0,1,8,38,,,,,0,1,9,38,,,,,0,1,10,38,,,,,0,1,1,38,,,,,0,1,2,38,,,,,0,1,3,38,,,,,0,1,4,38,,,,,0,1,5,38,,,,,0,1,6,38,,,,,0,1,7,38,,,,,0,1,8,38,,,,,0,1,9,38,,,,,0,1,10,38,,,,,0,1,1,38,,,,,0,1,2,38,,,,,0,1,3,38,,,,,0,1,4,38,,,,,0,1,5,38,,,,,0,1,6,38,,,,,0,1,7,38,,,,,0,1,8,38,,,,,0,1,9,38,,,,,0,1,10,38,,0,1,1,38,,,,,0,1,1,38,,,,,0,1,2,38,,,,,0,1,3,38,,,,,0,1,4,38,,,,,0,1,5,38,,,,,0,1,6,38,,,,,0,1,7,38,,,,,0,1,8,38,,,,,0,1,9,38,,,,,0,1,10,38,,,,,0,1,1,38,,,,,0,1,2,38,,,,,0,1,3,38,,,,,0,1,4,38,,,,,0,1,5,38,,,,,0,1,6,38,,,,,0,1,7,38,,,,,0,1,8,38,,,,,0,1,9,38,,,,,0,1,10,38,,,,,0,1,1,38,,,,,0,1,2,38,,,,,0,1,3,38,,,,,0,1,4,38,,,,,0,1,5,38,,,,,0,1,6,38,,,,,0,1,7,38,,,,,0,1,8,38,,,,,0,1,9,38,,,,,0,1,10,38,,,,,0,1,1,38,,,,,0,1,2,38,,,,,0,1,3,38,,,,,0,1,4,38,,,,,0,1,5,38,,,,,0,1,6,38,,,,,0,1,7,38,,,,,0,1,8,38,,,,,0,1,9,38,,,,,0,1,10,38,,,,,0,1,1,38,,,,,0,1,2,38,,,,,0,1,3,38,,,,,0,1,4,38,,,,,0,1,5,38,,,,,0,1,6,38,,,,,0,1,7,38,,,,,0,1,8,38,,,,,0,1,9,38,,,,,0,1,10
39,h86ffwb7,,0,0,423,,,,,0,,,0,0.00,72siy09q,,,,,,0,0.00,1.0,39,,,,,0,1,1,39,,,,,0,1,1,39,,,,,0,1,2,39,,,,,0,1,3,39,,,,,0,1,4,39,,,,,0,1,5,39,,,,,0,1,6,39,,,,,0,1,7,39,,,,,0,1,8,39,,,,,0,1,9,39,,,,,0,1,10,39,,,,,0,1,1,39,,,,,0,1,2,39,,,,,0,1,3,39,,,,,0,1,4,39,,,,,0,1,5,39,,,,,0,1,6,39,,,,,0,1,7,39,,,,,0,1,8,39,,,,,0,1,9,39,,,,,0,1,10,39,,,,,0,1,1,39,,,,,0,1,2,39,,,,,0,1,3,39,,,,,0,1,4,39,,,,,0,1,5,39,,,,,0,1,6,39,,,,,0,1,7,39,,,,,0,1,8,39,,,,,0,1,9,39,,,,,0,1,10,39,,0,1,1,39,,,,,0,1,1,39,,,,,0,1,2,39,,,,,0,1,3,39,,,,,0,1,4,39,,,,,0,1,5,39,,,,,0,1,6,39,,,,,0,1,7,39,,,,,0,1,8,39,,,,,0,1,9,39,,,,,0,1,10,39,,,,,0,1,1,39,,,,,0,1,2,39,,,,,0,1,3,39,,,,,0,1,4,39,,,,,0,1,5,39,,,,,0,1,6,39,,,,,0,1,7,39,,,,,0,1,8,39,,,,,0,1,9,39,,,,,0,1,10,39,,,,,0,1,1,39,,,,,0,1,2,39,,,,,0,1,3,39,,,,,0,1,4,39,,,,,0,1,5,39,,,,,0,1,6,39,,,,,0,1,7,39,,,,,0,1,8,39,,,,,0,1,9,39,,,,,0,1,10,39,,,,,0,1,1,39,,,,,0,1,2,39,,,,,0,1,3,39,,,,,0,1,4,39,,,,,0,1,5,39,,,,,0,1,6,39,,,,,0,1,7,39,,,,,0,1,8,39,,,,,0,1,9,39,,,,,0,1,10,39,,,,,0,1,1,39,,,,,0,1,2,39,,,,,0,1,3,39,,,,,0,1,4,39,,,,,0,1,5,39,,,,,0,1,6,39,,,,,0,1,7,39,,,,,0,1,8,39,,,,,0,1,9,39,,,,,0,1,10
40,zym49y3p,,0,0,423,,,,,0,,,0,0.00,72siy09q,,,,,,0,0.00,1.0,40,,,,,0,1,1,40,,,,,0,1,1,40,,,,,0,1,2,40,,,,,0,1,3,40,,,,,0,1,4,40,,,,,0,1,5,40,,,,,0,1,6,40,,,,,0,1,7,40,,,,,0,1,8,40,,,,,0,1,9,40,,,,,0,1,10,40,,,,,0,1,1,40,,,,,0,1,2,40,,,,,0,1,3,40,,,,,0,1,4,40,,,,,0,1,5,40,,,,,0,1,6,40,,,,,0,1,7,40,,,,,0,1,8,40,,,,,0,1,9,40,,,,,0,1,10,40,,,,,0,1,1,40,,,,,0,1,2,40,,,,,0,1,3,40,,,,,0,1,4,40,,,,,0,1,5,40,,,,,0,1,6,40,,,,,0,1,7,40,,,,,0,1,8,40,,,,,0,1,9,40,,,,,0,1,10,40,,0,1,1,40,,,,,0,1,1,40,,,,,0,1,2,40,,,,,0,1,3,40,,,,,0,1,4,40,,,,,0,1,5,40,,,,,0,1,6,40,,,,,0,1,7,40,,,,,0,1,8,40,,,,,0,1,9,40,,,,,0,1,10,40,,,,,0,1,1,40,,,,,0,1,2,40,,,,,0,1,3,40,,,,,0,1,4,40,,,,,0,1,5,40,,,,,0,1,6,40,,,,,0,1,7,40,,,,,0,1,8,40,,,,,0,1,9,40,,,,,0,1,10,40,,,,,0,1,1,40,,,,,0,1,2,40,,,,,0,1,3,40,,,,,0,1,4,40,,,,,0,1,5,40,,,,,0,1,6,40,,,,,0,1,7,40,,,,,0,1,8,40,,,,,0,1,9,40,,,,,0,1,10,40,,,,,0,1,1,40,,,,,0,1,2,40,,,,,0,1,3,40,,,,,0,1,4,40,,,,,0,1,5,40,,,,,0,1,6,40,,,,,0,1,7,40,,,,,0,1,8,40,,,,,0,1,9,40,,,,,0,1,10,40,,,,,0,1,1,40,,,,,0,1,2,40,,,,,0,1,3,40,,,,,0,1,4,40,,,,,0,1,5,40,,,,,0,1,6,40,,,,,0,1,7,40,,,,,0,1,8,40,,,,,0,1,9,40,,,,,0,1,10
1,99dy3f6c,,0,0,423,,,,,0,,,0,0.00,fv4f5k72,,,,,,1,0.00,1.0,1,,,,,0,1,1,1,,,,,0,1,1,1,,,,,0,1,2,1,,,,,0,1,3,1,,,,,0,1,4,1,,,,,0,1,5,1,,,,,0,1,6,1,,,,,0,1,7,1,,,,,0,1,8,1,,,,,0,1,9,1,,,,,0,1,10,1,,,,,0,1,1,1,,,,,0,1,2,1,,,,,0,1,3,1,,,,,0,1,4,1,,,,,0,1,5,1,,,,,0,1,6,1,,,,,0,1,7,1,,,,,0,1,8,1,,,,,0,1,9,1,,,,,0,1,10,1,,,,,0,1,1,1,,,,,0,1,2,1,,,,,0,1,3,1,,,,,0,1,4,1,,,,,0,1,5,1,,,,,0,1,6,1,,,,,0,1,7,1,,,,,0,1,8,1,,,,,0,1,9,1,,,,,0,1,10,1,,0,1,1,1,,,,,0,1,1,1,,,,,0,1,2,1,,,,,0,1,3,1,,,,,0,1,4,1,,,,,0,1,5,1,,,,,0,1,6,1,,,,,0,1,7,1,,,,,0,1,8,1,,,,,0,1,9,1,,,,,0,1,10,1,,,,,0,1,1,1,,,,,0,1,2,1,,,,,0,1,3,1,,,,,0,1,4,1,,,,,0,1,5,1,,,,,0,1,6,1,,,,,0,1,7,1,,,,,0,1,8,1,,,,,0,1,9,1,,,,,0,1,10,1,,,,,0,1,1,1,,,,,0,1,2,1,,,,,0,1,3,1,,,,,0,1,4,1,,,,,0,1,5,1,,,,,0,1,6,1,,,,,0,1,7,1,,,,,0,1,8,1,,,,,0,1,9,1,,,,,0,1,10,1,,,,,0,1,1,1,,,,,0,1,2,1,,,,,0,1,3,1,,,,,0,1,4,1,,,,,0,1,5,1,,,,,0,1,6,1,,,,,0,1,7,1,,,,,0,1,8,1,,,,,0,1,9,1,,,,,0,1,10,1,,,,,0,1,1,1,,,,,0,1,2,1,,,,,0,1,3,1,,,,,0,1,4,1,,,,,0,1,5,1,,,,,0,1,6,1,,,,,0,1,7,1,,,,,0,1,8,1,,,,,0,1,9,1,,,,,0,1,10
